p_val,avg_log2FC,pct.1,pct.2,p_val_adj,cluster,gene
6.794652774085415e-99,2.924334789233404,0.804,0.175,8.7583074257961e-95,7,Tafa1
6.364367705393635e-83,1.7830713119051707,0.991,0.76,8.203669972252395e-79,7,Dpp10
1.5705679372550613e-74,1.9608125971407366,0.921,0.353,2.024462071121774e-70,7,Arpp21
1.8474973165285687e-74,2.776756277879136,0.444,0.049,2.381424041005325e-70,7,Adamtsl1
8.948344502235006e-73,1.5763949966682276,0.995,0.777,1.1534416063380923e-68,7,Robo2
2.519929841041492e-68,2.389391512607317,0.584,0.107,3.248189565102483e-64,7,Sv2b
1.158805313038921e-63,3.003762192380138,0.346,0.031,1.4937000485071692e-59,7,LOC108352624
1.9510846403996918e-63,1.2464392293703117,0.986,0.803,2.5149481014752026e-59,7,Celf2
6.521366643937513e-61,2.147650479329141,0.533,0.096,8.406041604035454e-57,7,Pdzrn3
3.978299661704846e-57,3.152389650071223,0.294,0.024,5.128028263937547e-53,7,Nptxr
1.3911330869306557e-56,1.9494235085517722,0.71,0.199,1.7931705490536153e-52,7,Thrb
1.3321724203143e-55,1.9763440455082215,0.561,0.117,1.7171702497851327e-51,7,Mef2c
3.528562610579823e-51,0.999480515503417,0.995,0.971,4.548317205037392e-47,7,Lsamp
3.364845582666181e-47,1.9731560108220905,0.612,0.175,4.337285956056707e-43,7,St6galnac5
9.618062433812643e-47,0.8967284248552305,0.991,0.893,1.2397682477184497e-42,7,Csmd1
6.436412219531527e-45,1.9909045570219788,0.444,0.087,8.296535350976138e-41,7,Mical2
2.2339850473748652e-44,1.5953083158965105,0.804,0.339,2.879606726066201e-40,7,Slit3
5.535248859286982e-41,1.9319973100010124,0.5,0.126,7.1349357796209205e-37,7,Homer1
1.0251681829995266e-40,1.5421265384006988,0.696,0.244,1.3214417878863897e-36,7,Ak5
2.4426655778762176e-40,1.896266563766759,0.411,0.084,3.1485959298824445e-36,7,Slit1
2.744860690786761e-39,1.3476034400640793,0.822,0.353,3.538125430424135e-35,7,Grin2a
9.840992214746582e-39,1.5336827053108215,0.509,0.126,1.2685038964808344e-34,7,LOC102556470
3.284549921148705e-38,1.9018904817294662,0.416,0.088,4.233784848360681e-34,7,Nwd2
2.1587251921955866e-35,0.8747115029723309,0.967,0.673,2.782596772740111e-31,7,Phactr1
1.6237485987704328e-34,1.4767329162597247,0.514,0.147,2.093011943815088e-30,7,Zeb2
1.071192306024392e-33,1.348654473115778,0.682,0.254,1.3807668824654413e-29,7,Pcsk2
1.638984787391391e-33,1.1143138595520945,0.696,0.248,2.1126513909475032e-29,7,Tcf4
4.4352188618617977e-33,1.2629953121472617,0.64,0.227,5.716997112939857e-29,7,Cnksr2
5.7308806041171016e-33,0.9823681970856963,0.953,0.681,7.387105098706944e-29,7,Lrrc4c
1.279678179770059e-32,1.0389434712048788,0.907,0.466,1.649505173723606e-28,7,Dlgap2
1.5523076572153574e-32,1.6117400133915134,0.411,0.102,2.0009245701505956e-28,7,Zfpm2
5.626350991492268e-32,0.6702546478913156,0.991,0.912,7.252366428033534e-28,7,Kcnip4
5.976721881864089e-32,1.4728570005244954,0.509,0.15,7.703994505722811e-28,7,Rapgef5
6.993602958062966e-31,1.1876064370676485,0.701,0.268,9.014754212943163e-27,7,Aff3
3.910203605141228e-29,1.2188174668584584,0.621,0.23,5.040252447027043e-25,7,Cacna2d1
5.398504443227468e-29,1.0162987040568456,0.902,0.527,6.958672227320207e-25,7,Kcnq5
2.0433689237019245e-28,0.6941404733884173,0.995,0.839,2.6339025426517807e-24,7,Nkain2
2.980337195960563e-28,1.5107972963351608,0.257,0.044,3.841654645593166e-24,7,Tmem200a
5.436495421969963e-28,1.0925655008559034,0.841,0.467,7.007642598919282e-24,7,Ryr2
6.7053749715962175e-28,1.1772049152181991,0.682,0.282,8.643228338387525e-24,7,LOC120103064
8.447432745451164e-28,0.8084463913481237,0.953,0.75,1.088874080888655e-23,7,Nav3
1.012177746575761e-27,1.7871478978808113,0.28,0.055,1.304697115336156e-23,7,Man1a1
1.6391507668978302e-27,1.0966724009803226,0.701,0.299,2.1128653385313033e-23,7,Pex5l
1.78506287500027e-27,1.035247590690474,0.687,0.27,2.300946045875348e-23,7,Cdk14
2.990871067905459e-27,1.1619306547585935,0.771,0.382,3.855232806530137e-23,7,Kcnh7
3.667925746040749e-27,1.1793997259017746,0.612,0.232,4.727956286646526e-23,7,Nell2
4.026125264899006e-27,1.1092880715803712,0.692,0.296,5.189675466454819e-23,7,Gria3
4.855754355580214e-27,1.9301453578936756,0.266,0.052,6.259067364342896e-23,7,Rasgrp1
9.467972058954306e-27,1.2211725029592952,0.579,0.216,1.22042159839921e-22,7,Atrnl1
3.5819405024005017e-26,1.438090066917178,0.379,0.101,4.617121307594246e-22,7,Khdrbs3
1.8871101614583949e-25,1.0373715387734577,0.537,0.181,2.432484998119871e-21,7,Rimbp2
9.769519258856635e-25,1.2112086190534512,0.495,0.166,1.2592910324666202e-20,7,Cobl
1.6126369079641972e-24,1.2952534867851007,0.453,0.147,2.0786889743658503e-20,7,Pknox2
3.747472413073896e-24,1.0757843478148499,0.776,0.389,4.8304919404522525e-20,7,Sorbs2
9.497786160274269e-24,1.2394130629424371,0.505,0.181,1.2242646360593532e-19,7,Cpne4
1.718007444457855e-23,1.4149871784661707,0.407,0.126,2.214511595906175e-19,7,Msra
1.7282802881130723e-23,1.5174586903253036,0.299,0.073,2.22775329137775e-19,7,Mlip
1.9780586377313123e-23,0.9830761993632557,0.818,0.463,2.5497175840356614e-19,7,Kctd16
3.018640331657165e-23,1.1890153155603649,0.379,0.109,3.8910273875060855e-19,7,LOC120100798
3.130029518986313e-23,1.1390554116209652,0.813,0.495,4.0346080499733573e-19,7,Kcnq3
4.8532931049198973e-23,1.1206685032266555,0.547,0.205,6.255894812241747e-19,7,Camk2a
9.758349761960859e-23,0.9823771620119524,0.766,0.383,1.2578512843167548e-18,7,Khdrbs2
2.6991779106850396e-22,1.5632588664541083,0.252,0.055,3.479240326873016e-18,7,Olfm1
8.278217273726456e-22,0.8535171594178883,0.78,0.39,1.0670622065833402e-17,7,Cntn4
1.2803393761580443e-21,0.9643304390636755,0.645,0.278,1.650357455867719e-17,7,Epha5
1.9858200165759534e-21,1.225133534685615,0.393,0.124,2.559722001366404e-17,7,LOC120097408
2.2280056651516276e-20,1.2276762642583496,0.407,0.138,2.871899302380448e-16,7,Cdh11
4.4673636154660966e-20,0.5596290098709007,0.977,0.722,5.758431700335799e-16,7,Tenm2
4.692052495761051e-20,1.327355990945108,0.416,0.145,6.048055667035995e-16,7,Prkag2
4.8142311302172585e-20,1.2555261513431684,0.481,0.19,6.205543926850046e-16,7,Rgs6
6.495281933075934e-20,0.5872707205002152,0.977,0.771,8.372418411734878e-16,7,Asic2
6.541336536487131e-20,0.8423612927404243,0.547,0.218,8.431782795531912e-16,7,Gpm6b
1.2238664164946487e-19,1.0346631095018877,0.65,0.304,1.5775638108616022e-15,7,Car10
1.3872197821978217e-19,1.274644529933509,0.308,0.088,1.788126299252992e-15,7,LOC120099382
3.2293554305496407e-19,1.1869973123403263,0.29,0.079,4.1626391499784865e-15,7,Ndst3
5.152800202962337e-19,1.1529339043016045,0.379,0.124,6.641959461618453e-15,7,Fbxw7
1.3304556862122094e-18,0.4934405031875517,1,0.847,1.714957379527538e-14,7,Nrg3
2.3949843831857447e-18,1.3729374229570863,0.285,0.081,3.087134869926425e-14,7,Osbp2
3.4608553104681537e-18,1.0514465747002184,0.383,0.13,4.46104249519345e-14,7,Fras1
5.61397688075026e-18,0.8703680999726102,0.397,0.137,7.236416199287085e-14,7,Npas2
6.413016412873549e-18,1.1470102401868902,0.341,0.11,8.266378156194005e-14,7,Prkcg
7.361041891594686e-18,1.6695490900296373,0.276,0.082,9.48838299826555e-14,7,LOC102553329
1.0892539298635875e-17,1.4208916616429685,0.346,0.117,1.4040483155941644e-13,7,Trpc5
1.1386359064974804e-17,0.8914441497262011,0.64,0.298,1.4677016834752522e-13,7,Gabbr2
1.6995232276583382e-17,0.8566407730892704,0.687,0.348,2.1906854404515978e-13,7,Enox1
1.9358591579606377e-17,0.8392711678743252,0.621,0.294,2.495322454611262e-13,7,Syn2
4.6077938726146044e-17,1.1518423049784974,0.388,0.142,5.939446301800225e-13,7,Tmem108
4.619720158063664e-17,1.177764902460554,0.336,0.112,5.954819283744063e-13,7,Nlk
6.410554477319921e-17,0.788999491075512,0.495,0.202,8.263204721265378e-13,7,Nos1ap
6.856033450171485e-17,0.7428313864962965,0.617,0.283,8.837427117271044e-13,7,Pak5
1.0212944637973753e-16,0.7641845284684303,0.565,0.246,1.3164485638348168e-12,7,Hivep2
1.2608589867800823e-16,1.026185830035337,0.477,0.201,1.625247233959526e-12,7,Sh3gl2
1.558313793874968e-16,1.0875437701860275,0.336,0.113,2.008666480304834e-12,7,Brinp2
1.7953454785936105e-16,1.1559129449860512,0.379,0.143,2.3142003219071638e-12,7,Slit2
2.1462934442128089e-16,0.9085815744418121,0.379,0.135,2.7665722495903106e-12,7,Bsn
3.084253001325687e-16,1.2965878126342223,0.332,0.115,3.9756021187088106e-12,7,Fmn1
3.2242869523346184e-16,0.7046771726028003,0.729,0.385,4.156105881559323e-12,7,Nrcam
3.2370630603132797e-16,1.062672845098118,0.332,0.112,4.1725742847438176e-12,7,Lingo1
3.307774810288371e-16,0.6175245076519627,0.916,0.633,4.26372173046171e-12,7,Kalrn
4.96002657310045e-16,0.6654373616495066,0.551,0.239,6.393474252726481e-12,7,Trim9
5.834052073487676e-16,0.6737450915901277,0.869,0.596,7.520093122725615e-12,7,Kcnma1
6.665075279638567e-16,0.8962253944204712,0.299,0.095,8.591282035454113e-12,7,Stxbp6
1.2603224103596992e-15,1.1083698029611029,0.322,0.11,1.6245555869536523e-11,7,Cacng3
1.5459222169240364e-15,0.7159633477010234,0.804,0.494,1.9926937376150828e-11,7,Ptprd
1.5611487845252244e-15,0.8024111424335474,0.752,0.437,2.0123207832530142e-11,7,Mapk10
3.63595102377251e-15,0.7391713585778734,0.71,0.376,4.686740869642765e-11,7,Prkcb
4.6027968056957914e-15,0.8777739633518145,0.393,0.151,5.933005082541875e-11,7,Cap2
4.643272017404524e-15,0.5871135004841528,0.537,0.242,5.985177630434431e-11,7,Sox5
4.78901813220795e-15,0.6871144120927206,0.752,0.428,6.173044372416048e-11,7,Kcnb2
4.8611369049977475e-15,0.8773474364961003,0.449,0.186,6.266005470542097e-11,7,Ttll11
5.3503437605284494e-15,0.7159105732200093,0.388,0.145,6.896593107321172e-11,7,Ptprk
5.5181008575774824e-15,0.6094154255374669,0.93,0.647,7.112832005417374e-11,7,Grin2b
6.253290746416548e-15,0.8630996536349919,0.36,0.132,8.06049177213093e-11,7,Fam135b
1.2985192196184942e-14,0.9108807429082817,0.285,0.093,1.673791274088239e-10,7,Cracdl
1.5537087891099285e-14,0.6502900204782751,0.631,0.298,2.002730629162698e-10,7,Ldb2
3.8449701204238303e-14,0.9317054338866366,0.439,0.187,4.956166485226317e-10,7,Apba2
3.852315404327187e-14,0.78998339777602,0.743,0.436,4.965634556177744e-10,7,Pde10a
5.859710316307934e-14,0.8689487493229412,0.36,0.138,7.553166597720928e-10,7,Gas7
6.66068187475188e-14,0.8325889142299397,0.383,0.15,8.585618936555173e-10,7,Tspan5
1.150081464921559e-13,1.0597110054485686,0.28,0.096,1.4824550082838897e-9,7,Arhgef28
1.1747053033175269e-13,0.8689680111090552,0.495,0.228,1.514195135976292e-9,7,Sobp
1.9177720162452256e-13,0.6561279926305539,0.724,0.393,2.4720081289400956e-9,7,Plxna4
1.9740445672736522e-13,0.8373580936317213,0.257,0.082,2.5445434472157376e-9,7,Sptbn2
3.393453598045866e-13,0.6464373882015377,0.519,0.237,4.374161687881121e-9,7,Cdh8
3.850666324964644e-13,0.8808758384405466,0.407,0.174,4.963508892879426e-9,7,Shank1
4.410982603520863e-13,0.9120195817519863,0.346,0.136,5.685756575938393e-9,7,Chn1
4.823990573384946e-13,0.9262720460636577,0.341,0.136,6.2181238490931946e-9,7,Kcnt2
5.261819011332956e-13,0.672405768916533,0.636,0.327,6.78248470560818e-9,7,Csmd2
6.044814961982198e-13,0.6477139431186829,0.449,0.194,7.791766485995053e-9,7,Ppm1e
8.648145937468213e-13,0.6708689940560282,0.533,0.258,1.1147460113396526e-8,7,Hs6st3
9.58122277206006e-13,0.5959299827372142,0.766,0.472,1.2350196153185417e-8,7,Rgs7
1.3778507434826707e-12,0.9821312277821638,0.271,0.095,1.7760496083491625e-8,7,Sorl1
1.571264795555355e-12,0.8428188328590256,0.402,0.171,2.0253603214708525e-8,7,LOC102549789
1.5964008888722422e-12,0.4292264303829936,0.421,0.183,2.0577607457563202e-8,7,Il1rapl2
1.7228769655418819e-12,0.5989529778270586,0.57,0.285,2.2207884085834857e-8,7,LOC100362814
2.281353441781734e-12,0.5847423797742315,0.589,0.291,2.9406645864566555e-8,7,Entrep2
2.497817943883141e-12,0.9881627629299157,0.299,0.112,3.219687329665369e-8,7,Nin
2.709380431241491e-12,0.9318032609804394,0.304,0.115,3.492391375870282e-8,7,Osbpl1a
3.5357861269089915e-12,0.6904694987402928,0.491,0.232,4.55762831758569e-8,7,Etl4
3.5876118201957085e-12,0.6825627069514755,0.565,0.287,4.624431636232268e-8,7,Cacnb4
3.739750180264518e-12,0.818446286928822,0.393,0.168,4.820537982360963e-8,7,LOC103691146
4.007766571222945e-12,0.8305965534763075,0.299,0.113,5.166011110306376e-8,7,Rapgef2
7.377089882169301e-12,0.5644226284041474,0.752,0.428,9.50906885811623e-8,7,Snap25
8.832985112244242e-12,1.0060282843948523,0.304,0.12,1.1385717809682828e-7,7,Myrip
9.528666185131177e-12,0.4947242803635201,0.799,0.492,1.2282450712634087e-7,7,Cacna1e
9.71167722151039e-12,0.5969380806716542,0.5,0.234,1.251835193852689e-7,7,Camk1d
1.1077345056370437e-11,0.9328620154498758,0.257,0.091,1.4278697777661493e-7,7,Pcdh10
1.1715734414784575e-11,0.5436860592611608,0.407,0.172,1.5101581660657316e-7,7,Rtl4
1.3951985369350824e-11,0.5687488172977555,0.813,0.49,1.7984109141093212e-7,7,Agbl4
2.2528579168188885e-11,0.45946505628489254,0.565,0.274,2.9039338547795474e-7,7,Plekha5
2.48699366413881e-11,0.9326677004873503,0.257,0.093,3.205734833074926e-7,7,Epha7
2.8841809534527477e-11,0.7640877311843037,0.411,0.189,3.717709249000592e-7,7,Asap1
2.9686926828733876e-11,0.652931427013145,0.565,0.299,3.8266448682237966e-7,7,Clstn2
3.563997163719598e-11,0.5469968117354389,0.864,0.62,4.593992344034562e-7,7,Erc2
3.762977093748057e-11,0.6773356504051502,0.486,0.237,4.850477473841246e-7,7,Kcnn2
3.90263038550298e-11,0.6581674660341856,0.537,0.275,5.030490566913341e-7,7,Galnt17
4.4374463346305776e-11,0.536472149701924,0.687,0.391,5.7198683253388145e-07,7,Oxr1
5.182473658934594e-11,0.680361393466749,0.593,0.327,6.680208546366692e-7,7,Large1
5.446889761775243e-11,0.7972365638907428,0.262,0.096,7.021040902928289e-7,7,Gfod1
6.82905114772071e-11,0.599906004459398,0.836,0.588,8.802646929411995e-7,7,Opcml
7.136494573247938e-11,0.6783681837752291,0.355,0.153,9.198941504916592e-7,7,Kcnj6
7.553661354837503e-11,0.7407778801368994,0.35,0.15,9.73666948638554e-7,7,Kcnh1
8.307097133599355e-11,0.6060220132205578,0.369,0.159,1.070784820520957e-6,7,Nxpe4
8.837981605639228e-11,0.7955138988329282,0.276,0.106,1.1392158289668964e-6,7,Unc13a
9.735005640311915e-11,0.7426297829083606,0.35,0.15,1.254842227036206e-6,7,LOC120097467
1.030944004072805e-10,0.3931043072748839,0.593,0.294,1.3288868212498458e-6,7,Dock4
1.0661156189509966e-10,0.71423671601702865,0.5,0.257,1.3742230328278345e-6,7,Atp2b1
1.2903215011288643e-10,0.860157484930266,0.271,0.105,1.6632244149551062e-6,7,Syndig1
1.4076726314029908e-10,0.4869858889060821,0.523,0.258,1.8144900218784552e-6,7,Rapgef4
1.7378299060749134e-10,0.5583359730380829,0.266,0.102,2.2400627489305634e-6,7,Nfib
2.094923129003076e-10,0.5664273538156741,0.5,0.25,2.700355913284965e-6,7,R3hdm1
2.2164607738237583e-10,0.4987132327542545,0.762,0.466,2.8570179374588243e-6,7,Pbx1
2.3664376520383637e-10,0.5371586823088823,0.421,0.192,3.050338133477451e-6,7,Gucy1a2
3.1587934079354606e-10,0.45991850456188565,0.916,0.752,4.071684702828808e-6,7,Lrp1b
4.0061456743782916e-10,0.5049960371296256,0.383,0.17,5.163921774273618e-6,7,Galnt18
4.1832323253380417e-10,1.0106510760776861,0.294,0.124,5.392186467360736e-6,7,Flrt2
4.673766498179827e-10,0.6137396592439401,0.682,0.411,6.024485016153797e-6,7,Ntrk3
4.683282508001669e-10,0.4569998853072583,0.818,0.525,6.036751152814151e-6,7,Tnr
4.919391017549696e-10,0.6672714993358073,0.36,0.162,6.3410950216215585e-6,7,Itpr1
5.472497502942531e-10,0.3806752368556623,0.958,0.73,7.054049281292923e-6,7,Cadm2
5.537772168227967e-10,0.7232563478428444,0.271,0.107,7.13818832484585e-6,7,Abl2
5.834454188230088e-10,0.6219274273840307,0.346,0.154,7.520611448628584e-6,7,Ano3
7.236082954627382e-10,0.3929918988652661,0.949,0.771,9.327310928514695e-6,7,Nalf1
7.687433100249113e-10,0.5660856331597219,0.369,0.165,9.909101266221106e-6,7,Ankh
8.468871436982113e-10,0.6788305155483801,0.257,0.1,1.0916375282269944e-5,7,Atp11b
1.1116292646321854e-9,0.49877725576918985,0.463,0.225,1.432890122110887e-5,7,Dmxl2
1.1393896212174454e-9,0.49881362188017464,0.617,0.351,1.468673221749287e-5,7,Gpc6
1.6294075081532237e-9,0.42532906253228786,0.407,0.188,2.1003062780095052e-5,7,Jmjd1c
1.7245066562007932e-9,0.462524162368557,0.537,0.279,2.2228890798428224e-5,7,Cyfip2
1.91974318028951e-9,0.5150924780485351,0.575,0.316,2.4745489593931783e-5,7,Rabgap1l
2.0287128004770944e-9,0.46344920400818346,0.435,0.211,2.6150107998149745e-5,7,Sh3rf3
2.1579949822055764e-9,0.6445628409678333,0.299,0.129,2.781655532062988e-5,7,RGD1306271
2.1884535635937196e-9,0.5427990505552496,0.336,0.15,2.8209166434723046e-5,7,Cdkl5
2.4577494367555943e-9,0.3660751079681326,0.963,0.836,3.168039023977961e-5,7,Adgrb3
2.5274424657878356e-9,0.3827144648748604,0.888,0.662,3.25787333840052e-5,7,Schip1
3.042022571179348e-9,0.5067034129550392,0.332,0.147,3.9211670942501794e-5,7,Immp2l
3.869138068253666e-9,0.3855834397156286,0.43,0.206,4.987318969978975e-5,7,Ablim1
5.005479553107639e-9,0.47186817698906003,0.439,0.215,6.452063143955746e-5,7,Kcnj3
5.4175405251042e-9,0.6357470078985745,0.341,0.158,6.983209736859315e-5,7,Rock2
5.695674697212301e-9,0.5317030858724721,0.397,0.194,7.341724684706656e-5,7,Cdh10
7.042740439851367e-9,0.40422487761288695,0.631,0.348,9.078092426968413e-5,7,Hcn1
7.584976605367672e-9,0.34875981627090713,0.537,0.278,9.777034844318928e-5,7,Shank2
8.217134946995198e-9,0.5634460795482024,0.393,0.191,1.059188694667681e-4,7,Plxna2
8.359550238067544e-9,0.4425374871157457,0.841,0.559,1.0775460256869064e-4,7,Xkr4
8.641173623455489e-9,0.417983966168876,0.477,0.247,1.1138472800634125e-4,7,LOC120095249
1.2152765584052932e-8,0.6359138057545148,0.262,0.11,1.566491483784423e-4,7,Fnbp1l
1.3919257425004682e-8,0.4930807561357753,0.607,0.34,1.7941922820831035e-4,7,Hecw1
1.528808703974211e-8,0.4544712764149583,0.346,0.161,1.970634419422758e-4,7,Xylt1
1.5367230022022852e-8,0.7182369063289665,0.266,0.114,1.9808359498387455e-4,7,Dgkh
1.6625948864155228e-8,0.5786340623449944,0.271,0.115,2.1430848085896088e-4,7,Iqsec2
1.7374976213547542e-8,0.4445374675420952,0.463,0.241,2.239634433926278e-4,7,Cpeb4
1.7909806716298127e-8,0.3261424763077474,0.477,0.237,2.3085740857308287e-4,7,Adcy2
1.8036263193900017e-8,0.6091801363991693,0.477,0.249,2.3248743256937122e-4,7,Scn8a
2.057731288093133e-8,0.49183648705230665,0.556,0.319,2.652415630352049e-4,7,Caln1
2.0964484911821277e-8,0.6470714412682264,0.36,0.178,2.7023221051337623e-4,7,LOC103690480
2.232931066965805e-8,0.5074657531356013,0.561,0.308,2.878248145318923e-4,7,Slc4a10
2.4196263700107894e-8,0.41169528829078317,0.514,0.275,3.1188983909439074e-4,7,Fat3
3.323465139445957e-8,0.4091597728970895,0.477,0.247,4.2839465647458386e-4,7,Eif4g3
3.6140970897754924e-8,0.3968004261537472,0.565,0.314,4.65857114872061e-4,7,Pde1a
4.1545353973067224e-8,0.49658193478781587,0.252,0.107,5.355196127128366e-4,7,Mark2
4.297507711781119e-8,0.5179399270749347,0.565,0.335,5.539487440485863e-4,7,Dok6
5.1335957101926486e-8,0.538860427099102,0.313,0.147,6.617204870438324e-4,7,Sybu
6.302603813326263e-8,0.3794128697322152,0.421,0.211,8.124056315377552e-4,7,Me3
7.2829805129528e-8,0.37868713111290875,0.79,0.51,9.38776188119616e-4,7,Dmd
1.0965043850936782e-7,0.5153633184143356,0.458,0.244,0.0014133941523857513,7,Tmem132b
1.3299357372932747e-7,0.44787451590638194,0.379,0.191,0.001714287165371031,7,LOC103690742
1.3735659286486845e-7,0.46146600714145913,0.617,0.386,0.0017705264820281543,7,Samd12
1.400265744011171e-7,0.47257243474590394,0.313,0.15,0.0018049425440303992,7,Plcl2
1.548110513735831e-7,0.3775866203052862,0.682,0.405,0.0019955144522054865,7,Otud7a
1.8226458197093493e-7,0.4096857341486133,0.449,0.235,0.0023493904616053514,7,Ext1
2.2736024426463345e-7,0.5867725563246996,0.28,0.13,0.002930673548571125,7,Phf20l1
2.329951747449913e-7,0.41348256296327657,0.402,0.211,0.003003307802462938,7,Btbd9
2.4398570269937237e-7,0.5409402510132582,0.262,0.119,0.00314497570779491,7,Megf9
2.7296186561572516e-7,0.48670769343169207,0.374,0.192,0.0035184784477866973,7,Dnm1
3.009162588627177e-7,0.679405515033089,0.294,0.144,0.0038788105767404314,7,Gtdc1
3.0987543626842017e-7,0.34970335993759727,0.308,0.146,0.003994294373499936,7,Mgat5
3.1344268005994596e-7,0.38819301528291494,0.481,0.26,0.004040276145972703,7,Aak1
3.377189244023449e-7,0.43807234114072857,0.668,0.427,0.004353196935546226,7,Dgki
3.7282843118310916e-7,0.33539596537681327,0.369,0.187,0.004805758477950277,7,Aopep
4.982360948707461e-7,0.5186923469986354,0.285,0.137,0.006422263262883917,7,Kdm4c
5.176630449922249e-7,0.35872073963420825,0.35,0.176,0.006672676649949779,7,Arhgef9
5.610154988885582e-7,0.3238646308200346,0.402,0.21,0.007231489780673515,7,Rnf150
5.932847549432071e-7,0.33308544585534205,0.752,0.475,0.00764744049121794,7,Dclk1
6.06927364631123e-7,0.4134815206717539,0.318,0.156,0.007823293730095176,7,Luc7l2
7.46650195827975e-7,0.3337147533225622,0.832,0.564,0.009624321024222598,7,Lrfn5
7.584168166253656e-7,0.49019796024374607,0.318,0.162,0.009775992766300963,7,Prickle1
7.58729462353805e-7,0.39970900118963504,0.313,0.155,0.009780022769740547,7,Rgs7bp
7.928769204618597e-7,0.337216454203517,0.425,0.228,0.010220183504753372,7,Rasal2
8.657910679890973e-7,0.3825123342363277,0.575,0.338,0.011160046866379465,7,Stxbp5l
9.946255954725628e-7,0.3998980047969698,0.393,0.211,0.012820723925641335,7,Dlg1
1.0577450442523648e-6,0.36713721940124855,0.421,0.23,0.013634333620412982,7,Nedd4l
1.1015963657477372e-6,0.37009620862152204,0.57,0.355,0.014199577154488333,7,Egfem1
1.3110013744307683e-6,0.3433083158484611,0.799,0.51,0.016898807716412605,7,Gria2
1.3792503730720666e-6,0.2751672815561259,0.402,0.21,0.017778537308898938,7,Focad
1.431793446360336e-6,0.270880326906473,0.547,0.306,0.01845581752358473,7,Mapt
1.5085466917781585e-6,0.483776969502705,0.332,0.173,0.01944516685702046,7,Fhod3
1.6139460911271292e-6,0.4766510185003753,0.266,0.128,0.020803765114628694,7,Agtpbp1
1.644077826228146e-6,0.2782621287889918,0.271,0.129,0.021192163180080804,7,LOC120100659
1.799527439227725e-6,0.4819511177158644,0.336,0.173,0.023195908691645374,7,Atrn
1.8413591494885923e-6,0.26041408365559193,0.35,0.178,0.023735119436907957,7,Dmxl1
2.04053284750635e-6,0.4830546667583946,0.294,0.147,0.026302468404356853,7,Sptbn4
2.0957293987507742e-6,0.3439792335337881,0.393,0.216,0.02701395194989748,7,Mmp16
2.475078228978431e-6,0.3644448627201218,0.463,0.266,0.031903758371531976,7,Cntnap5b
2.557823504547917e-6,0.4167353333571686,0.341,0.178,0.032970344973622646,7,Ccdc30
2.721951329858724e-6,0.33151397573729646,0.603,0.369,0.03508595264187895,7,App
2.8810696086907123e-6,0.47788195772565356,0.29,0.148,0.03713698725602328,7,Add2
3.155358330392822e-6,0.5716446933010635,0.252,0.124,0.04067256887876347,7,Vstm2a
3.43762851229577e-6,0.706197842169525,0.266,0.133,0.04431103152349247,7,Adcy9
3.620756818246692e-6,0.2667454340767721,0.925,0.718,0.04667155538719986,7,Dlgap1
5.103140082713769e-6,0.40876698048385063,0.294,0.151,0.06577947566618049,7,Rai1
5.519471728263061e-6,0.3112602667009292,0.481,0.281,0.07114599057731086,7,LOC103694103
5.7385247841506485e-6,0.32411697088560465,0.318,0.165,0.07396958446770185,7,LOC120096504
6.552753159508784e-6,0.34621113865046094,0.322,0.171,0.08446498822606822,7,Syt7
7.286920805820923e-6,0.33392014332182196,0.369,0.2,0.0939284091870317,7,Vti1a
7.688235364151205e-6,0.3383896443331693,0.687,0.445,0.09910135384390903,7,Prkce
7.878582097539334e-6,0.2997304436623329,0.327,0.172,0.10155492323728202,7,Dlgap4
7.884128068974396e-6,0.2983034637321065,0.407,0.222,0.10162641080907996,7,Amph
8.2339207215006e-6,0.2714252367870058,0.397,0.222,0.10613523810014273,7,Ube2e2
8.321455799087982e-6,0.5452313398383533,0.327,0.181,0.1072635652502441,7,Nol4
9.007838376504865e-6,0.29927553468408696,0.355,0.19,0.11611103667314772,7,Gls
1.1267237064693216e-5,0.6139049294693004,0.294,0.16,0.14523468576389556,7,Garnl3
1.1863182529644646e-5,0.3648858092706151,0.294,0.154,0.15291642280711948,7,Camk2b
1.4607044601700404e-5,0.31195424397948557,0.598,0.375,0.1882848049159182,7,Cacna1a
1.4776268184189705e-5,0.3452459691034824,0.421,0.242,0.1904660968942053,7,Kcnd3
1.5783737389972252e-5,0.3764775439534386,0.266,0.137,0.20345237495674232,7,Usp32
1.6283374238562906e-5,0.37716637958417687,0.757,0.515,0.20989269393507584,7,Gabrb3
1.7788145557868398e-5,0.336761542722928,0.495,0.295,0.22928919624092364,7,Hivep3
1.8354780548883887e-5,0.4070884070912537,0.299,0.162,0.2365931212751133,7,Soga3
1.980595264497866e-5,0.29581686088214976,0.29,0.153,0.2552987295937749,7,Ppm1l
2.1976035709308893e-5,0.2716285937700398,0.43,0.247,0.28327110029299163,7,Ncald
2.4831045146137378e-5,0.3062087533500589,0.294,0.157,0.3200721719337108,7,Bicdl1
2.6319593279487363e-5,0.2912797970004628,0.537,0.343,0.3392595573725921,7,Ryr3
3.065608457358054e-5,0.2905309181109694,0.762,0.505,0.39515693015345316,7,Cadm1
3.202694413211208e-5,0.3556581477961702,0.397,0.237,0.4128273098629247,7,Trim2
3.8042747078289774e-5,0.34817668084475717,0.252,0.131,0.4903710098391552,7,Clstn1
3.8375686889491e-5,0.2944567399316762,0.79,0.551,0.494662604005539,7,Celf4
3.919899807690828e-5,0.31489104941989954,0.486,0.298,0.5052750852113477,7,Limch1
4.019493405591358e-5,0.2987360618592094,0.369,0.214,0.5181126999807261,7,Ccdc85a
4.080961790446142e-5,0.4276421377640909,0.276,0.15,0.5260359747885077,7,Synj1
4.663430814994716e-5,0.2759817052824469,0.435,0.261,0.6011162320528189,7,Tln2
4.801704711697893e-5,0.258471092091348,0.911,0.711,0.6189397373378585,7,Grm5
4.945852013781846e-5,0.33440884309852825,0.262,0.139,0.63752032457648,7,Celf5
5.2326918699954984e-5,0.5329601157428956,0.262,0.145,0.6744939820424197,7,Kcnh5
5.748451324530425e-5,0.31873842392809504,0.257,0.136,0.7409753757319718,7,Cltc
5.889898459454942e-5,0.2658090407051179,0.266,0.143,0.7592079114237421,7,Fer
6.0235818722216625e-5,0.33893266048765436,0.28,0.152,0.7764397033293723,7,Rasgef1b
9.214881512201565e-5,0.3154218880975791,0.262,0.143,1,7,Epha4
9.490624557174996e-5,0.3785193596375387,0.528,0.349,1,7,Chsy3
1.2553246871032742e-4,0.3122675499531522,0.308,0.178,1,7,Trank1
1.4371511120218818e-4,0.27646341479734104,0.355,0.211,1,7,Bicd1
2.0234917511479384e-4,0.2765723219712817,0.369,0.223,1,7,Nsf
4.396877686020452e-4,0.2518576635072236,0.276,0.161,1,7,Tom1l2
5.354544873510652e-4,0.27436882965987197,0.252,0.145,1,7,Mcf2l
6.965373115113486e-4,0.2647122989056858,0.313,0.187,1,7,Hspa12a
0.0017302507278032593,0.2792731248205804,0.589,0.41,1,7,Cacna1d
4.722898006788914e-49,3.782426892817257,0.373,0.05,6.08781553075091e-45,1,St18
2.9701545198170983e-47,3.743043314081035,0.291,0.028,3.8285291760442395e-43,1,Bcas1
2.6666627169744143e-46,2.861133081648707,0.557,0.138,3.43732824218002e-42,1,Qki
6.093825883156238e-44,4.0062899639697385,0.297,0.033,7.85494156338839e-40,1,LOC120102499
2.825240150622299e-40,3.1606109098418744,0.411,0.079,3.641734554152144e-36,1,Mbp
1.9625480949404156e-39,3.3180031794095246,0.361,0.06,2.5297244943781956e-35,1,Plp1
1.7192986253868996e-33,2.8203876044560703,0.405,0.091,2.2161759281237137e-29,1,Nfia
5.022065307818546e-30,2.298276312672094,0.576,0.22,6.473442181778105e-26,1,Grm3
4.12914444859574e-28,2.445584689382767,0.532,0.196,5.322467194239909e-24,1,Ano4
2.739630512720057e-26,3.178973071829355,0.259,0.046,3.5313837308961537e-22,1,LOC102549836
2.5923611068850037e-24,2.399146159803352,0.424,0.129,3.34155346677477e-20,1,Ctnna3
5.0168977748154084e-24,1.8868185305781489,0.671,0.339,6.466781231737061e-20,1,Zbtb20
5.19952120581995e-24,2.040696140992365,0.475,0.164,6.702182834301916e-20,1,Zeb2
1.3082479313095158e-23,1.9519400877963644,0.62,0.3,1.6863315834579658e-19,1,Npas3
1.862583819621483e-22,2.2878819954187684,0.335,0.087,2.4008705434920917e-18,1,Sox6
1.0197845843793727e-21,1.5455179427287096,0.747,0.5,1.3145023292650113e-17,1,Pde4b
1.1391319417728172e-21,2.9614559204202413,0.259,0.056,1.4683410729451613e-17,1,Dock1
6.042435956175432e-20,2.4281212628374886,0.297,0.077,7.788699947510132e-16,1,Usp54
4.2623572934759205e-19,1.6016580716466047,0.658,0.379,5.494178551290461e-15,1,Frmd5
3.4692392884160236e-18,1.9111245784971955,0.373,0.126,4.4718494427682547e-14,1,Cdh20
3.7724595079708966e-18,2.3879914037559846,0.316,0.094,4.862700305774486e-14,1,Ppp1r16b
7.831749099617265e-18,2.2484180668604035,0.253,0.062,1.0095124589406654e-13,1,Frmd4b
1.0898125816471665e-17,2.2999051958964376,0.266,0.068,1.4047684177431977e-13,1,Cfap20dc
4.142420635818182e-17,2.0491331354661324,0.418,0.168,5.339580199569636e-13,1,Phlpp1
2.583698378824698e-16,1.6899367309816955,0.513,0.237,3.3303872103050358e-12,1,Luzp2
6.900624840909784e-16,1.6463464730063693,0.532,0.283,8.894905419932711e-12,1,Mast4
5.264201549171362e-15,2.298589924625735,0.266,0.079,6.785555796881885e-11,1,Stard13
2.0496217343586216e-13,2.2711777306054315,0.253,0.079,2.641962415588263e-9,1,Prex2
2.5662607549840287e-13,1.9564358132703945,0.329,0.126,3.307910113174413e-9,1,Trps1
4.1421714677735204e-13,2.1956945166210877,0.304,0.114,5.3392590219600675e-9,1,Hipk2
5.265878719285237e-13,1.8111150338738335,0.392,0.17,6.78771766915867e-9,1,Maml2
6.110351103358545e-13,2.0349013717010376,0.392,0.18,7.876242572229165e-9,1,Ptprz1
6.13019503616117e-13,1.9594543002774936,0.361,0.153,7.90182140161175e-9,1,Fnbp1
2.813151802771212e-12,1.392422651582677,0.494,0.254,3.626152673772092e-8,1,Dock10
6.0332977927097476e-12,1.5004529841745087,0.399,0.184,7.776920854802865e-8,1,Tcf12
2.7846522225705324e-11,1.4032339423481117,0.5,0.271,3.589416714893416e-7,1,Gpc5
6.324322843599886e-11,1.0479557857888038,0.722,0.514,8.152052145400252e-7,1,Ncam2
4.709922188791884e-10,0.7728942518093853,0.62,0.387,6.071089701352738e-6,1,LOC103691527
6.603904801575387e-10,1.5893149991532693,0.266,0.101,8.512433289230674e-6,1,Zfp536
1.0309359374250338e-9,0.7753039447462169,0.582,0.358,1.3288764233408686e-5,1,Adarb2
1.095112779483914e-9,1.5077266760060897,0.304,0.129,1.4116003727547652e-5,1,Rnf220
4.556129645806275e-9,1.784192061215707,0.272,0.115,5.872851113444288e-5,1,Kif13a
1.0898175129311165e-8,0.3406045932525652,0.658,0.415,1.404774774168209e-4,1,Erbb4
1.2611355477259555e-8,1.1726837833604562,0.544,0.363,1.6256037210187567e-4,1,Plcl1
1.3770189369795661e-8,0.6323513550653894,0.88,0.819,1.7749774097666608e-4,1,Pcdh9
1.8543602681742537e-8,1.47216537747701,0.468,0.284,2.390270385676613e-4,1,Agap1
2.502147177413275e-8,1.7381981133724664,0.272,0.122,3.225267711685711e-4,1,Map4k4
2.5843363653109398e-8,1.5162550382453621,0.285,0.129,3.3312095748858013e-4,1,Fryl
2.9440645707799718e-8,1.408587830759865,0.405,0.227,3.7948992317353837e-4,1,Grik4
7.352591667562983e-8,1.3297521075032157,0.418,0.241,9.477490659488684e-4,1,Gpm6b
7.534754630041798e-8,1.2817066049412742,0.481,0.316,9.712298718123878e-4,1,Dock4
1.3440136580827099e-7,1.6523795276651385,0.323,0.169,0.001732433605268613,1,Xylt1
1.7770570121415245e-7,0.756585776610037,0.671,0.529,0.002290626488650425,1,Ncam1
5.274382169879089e-7,0.8957274661723842,0.665,0.518,0.006798678616974145,1,Ptprd
1.4478382565150388e-6,1.4197201359019014,0.259,0.123,0.01866263512647885,1,Slc44a1
1.5204256024245213e-6,1.3502507290248638,0.386,0.235,0.01959828601525208,1,Psd3
1.9335074803310385e-6,2.483085229629811,0.304,0.183,0.024922911421467086,1,Slc1a2
2.0834953379316807e-6,1.1938985847192571,0.31,0.161,0.026856254905939365,1,Foxn3
2.3976501496513457e-6,1.0875887817785364,0.399,0.247,0.030905710429005848,1,Msi2
3.4609948003013334e-6,1.094884989055589,0.38,0.226,0.044612222975884186,1,St6galnac3
4.450592128960591e-6,0.8105442693657157,0.778,0.667,0.05736813254230202,1,Rora
4.781302638098937e-6,1.0483084503500333,0.513,0.381,0.061630991005095295,1,Edil3
1.1265995048741425e-5,1.067112141512619,0.424,0.273,0.14521867617827697,1,Slc24a2
3.3641616778710996e-5,0.9429280725333242,0.297,0.169,0.43364044027758475,1,Tmcc3
3.7091295662867786e-5,1.4944981413907095,0.272,0.154,0.47810680109436576,1,Ttll5
3.93160181317273e-5,1.0026887491924021,0.354,0.219,0.506783473717965,1,Prkca
4.791390196155888e-5,1.1272561842134443,0.291,0.169,0.617610196284494,1,Ankrd28
5.8687313923065266e-5,1.2474960250653497,0.373,0.252,0.7564794764683113,1,LOC103693508
5.99258967046016e-5,0.9158782918476771,0.418,0.279,0.7724448085223147,1,Pkp4
7.938512097450031e-5,1.0743623878355528,0.608,0.504,1,1,Lhfpl3
9.241336945938943e-5,1.0957548164885487,0.437,0.312,1,1,Pak5
1.2707993504150887e-4,0.5296030909936533,0.633,0.528,1,1,Dst
1.4575514000108423e-4,1.262197649366354,0.259,0.148,1,1,Zswim6
1.5856441698372775e-4,0.5494796786015961,0.424,0.29,1,1,Tcf4
2.0017716029837557e-4,0.9963396845049826,0.329,0.207,1,1,Baz2b
2.0345437464867343e-4,0.9224848759414488,0.272,0.158,1,1,Igf1r
2.0736270518023137e-4,1.0056465437986402,0.259,0.15,1,1,Son
3.182526318449266e-4,1.005072942705228,0.335,0.229,1,1,Zeb1
3.4468871099157703e-4,0.7840704103382312,0.646,0.575,1,1,mt-Rnr1
5.259213938400774e-4,0.36254957175894464,0.848,0.833,1,1,Magi2
7.65107243262757e-4,0.8760103703705968,0.576,0.502,1,1,Tmeff2
8.413417012172245e-4,0.7679386749553152,0.399,0.285,1,1,Dnaaf9
8.49239919774954e-4,0.8097952914978168,0.506,0.403,1,1,Spock1
8.890757604011689e-4,0.8738485114916725,0.367,0.246,1,1,Trim2
0.0013074448329556706,0.5210694408863152,0.595,0.498,1,1,Sntg1
0.0016110225006096322,0.6988500893263097,0.392,0.284,1,1,Elmo1
0.001620221740916284,0.6736058313619138,0.418,0.315,1,1,Plxdc2
0.001621186782729941,0.8325747710981126,0.335,0.228,1,1,Fchsd2
0.0017099342871987832,0.8455736997726349,0.449,0.337,1,1,Pex5l
0.0022205002736406807,0.6037649856590126,0.462,0.346,1,1,Sorcs1
0.002225777780152173,0.8101128706906495,0.399,0.312,1,1,Sik3
0.0022649528895179617,0.5942506893697095,0.411,0.302,1,1,Brinp3
0.00377591644648724,0.6813133525223736,0.259,0.162,1,1,Mbnl1
0.003982985800791814,0.734578161560165,0.291,0.195,1,1,Bach2
0.004357094249504576,0.8849331167768415,0.291,0.208,1,1,Asap1
0.005060244245594883,0.7741218580416485,0.658,0.609,1,1,Ntm
0.005339803540123055,0.8868358618044707,0.259,0.172,1,1,Dip2b
0.0057040899156365794,0.6016450646268898,0.38,0.284,1,1,Tnrc6b
0.005939355741173554,0.6849565860841911,0.487,0.406,1,1,Samd12
0.006572387538917991,0.517313421203176,0.481,0.381,1,1,Dnm3
0.006829213111009944,0.33516022131770207,0.848,0.803,1,1,mt-Rnr2
0.006925917316476053,0.9446312450925964,0.329,0.243,1,1,Dtna
0.007078898149082328,0.6748571163930719,0.291,0.206,1,1,Jmjd1c
0.007628193614991006,0.5875310284466508,0.291,0.203,1,1,Pard3
0.007748001885706345,1.000313584164765,0.291,0.205,1,1,Nav1
0.008116785009244475,0.8596302922882717,0.367,0.284,1,1,Tjp1
0.009700333346086436,0.5565173914297175,0.348,0.26,1,1,Nxph1
0.009964255101737434,0.37856222358646097,0.861,0.852,1,1,LOC120093067
2.2222466228045053e-35,1.3357376060846207,0.606,0.255,2.8644758967950073e-31,5,Meis2
5.300104547687058e-32,0.9887705725423963,0.882,0.667,6.831834761968618e-28,5,Phactr1
1.2302038292333083e-29,0.5102287333105942,1,0.939,1.5857327358817344e-25,5,Rbfox1
5.781814389903167e-25,1.7143672943414237,0.274,0.074,7.452758748585183e-21,5,Sv2c
2.4051478796719707e-19,0.32789620093952365,1,0.979,3.1002356168971703e-15,5,Meg3
8.773027633911718e-17,0.6995401301987578,0.747,0.523,1.1308432620112204e-12,5,Sgcz
2.5292834720229095e-16,0.7592001462565996,0.724,0.515,3.26024639543753e-12,5,Dgkb
2.8131962040689063e-16,1.0978459754919099,0.303,0.118,3.6262099070448203e-12,5,Gad2
1.6873664635570907e-15,0.7638680005882086,0.535,0.303,2.1750153715250898e-11,5,Zfhx3
2.1667920363853047e-15,0.5353197452003924,0.906,0.76,2.7929949349006578e-11,5,Il1rapl1
1.9627210394233674e-14,0.541210090909154,0.638,0.381,2.5299474198167204e-10,5,Grm8
2.5342721596301118e-14,0.8451745405014357,0.518,0.292,3.266676813763214e-10,5,Slc35f3
3.301765653380285e-14,0.3240259856971628,0.994,0.937,4.2559759272071876e-10,5,Dlg2
8.016911019806734e-14,0.8389065739326822,0.335,0.15,1.033379830453088e-9,5,Arhgap6
1.1581899296060283e-13,0.8207358747603712,0.515,0.304,1.4929068192621705e-9,5,Pde1a
1.4942197462903866e-13,0.3226782037739815,0.976,0.902,1.9260492529683084e-9,5,Nrxn3
2.1568290966852783e-13,1.2236959123547946,0.271,0.114,2.7801527056273236e-9,5,Ephb1
3.96703177909563e-13,0.9435318159956649,0.412,0.226,5.113503963254267e-9,5,Cntn3
7.257069779599661e-13,0.634974279558616,0.744,0.528,9.354362945903963e-9,5,Epha6
1.047324588810437e-12,0.8711495501107436,0.435,0.242,1.3500013949766532e-8,5,Hs3st4
2.4558648718592703e-12,0.4719165710087738,0.906,0.743,3.1656098198265995e-8,5,Grm7
2.6744752500594987e-12,0.4353012253338653,0.871,0.678,3.4473985973266936e-8,5,Negr1
4.713693103326898e-12,1.3149701590163791,0.259,0.116,6.075950410188371e-8,5,Pdzd2
4.786609106444281e-12,1.1021396924607645,0.288,0.132,6.169939138206678e-8,5,Utrn
6.785076157910773e-12,1.1576801822450757,0.25,0.107,8.745963167546985e-8,5,Gnal
1.1909602408496566e-11,0.7211878964248193,0.538,0.345,1.5351477504552073e-7,5,Hcn1
4.868578901336567e-11,0.3860585779922667,0.891,0.708,6.275598203822835e-7,5,Gria1
2.4632572731060093e-10,0.6232031911633111,0.512,0.319,3.175138625033646e-6,5,Sorcs1
3.242598118742777e-10,0.9179004201738805,0.468,0.306,4.17970897505944e-6,5,Mctp1
4.406679908053297e-10,0.9557669842925405,0.291,0.15,5.6802104014807e-6,5,Ano3
5.491194394189066e-10,0.3527540530873763,0.856,0.685,7.078149574109706e-6,5,Grid2
6.104985272707573e-10,0.517967819487418,0.676,0.492,7.86932601652006e-6,5,Pcdh7
6.740568578080698e-10,0.953870437625759,0.309,0.163,8.68859289714602e-6,5,Runx1t1
7.115328234285965e-10,0.5329936105347493,0.691,0.491,9.171658093994608e-6,5,Cacna1e
1.1302845318190583e-9,0.31383454258958654,0.962,0.835,1.4569367615147662e-5,5,Cntnap2
1.7122963765819842e-9,0.4769248172101035,0.503,0.311,2.2071500294141776e-5,5,Caln1
1.7261878244453915e-9,0.47715947037613615,0.679,0.465,2.2250561057101096e-5,5,Kctd16
1.7576431727392452e-9,0.7085930105722698,0.453,0.28,2.265602049660887e-5,5,Zfp804a
3.460881307013791e-9,0.35473687279357424,0.947,0.821,4.461076004740777e-5,5,Anks1b
3.4845017775149784e-9,0.5059891769315192,0.544,0.359,4.4915227912168074e-5,5,Slit3
4.1767658837157235e-9,0.35999560158474164,0.932,0.83,5.383851224109568e-5,5,Nlgn1
6.665233774452772e-9,0.6114831729064778,0.482,0.311,8.591486335269624e-5,5,Gria3
1.1624676334839785e-8,0.43817631016597547,0.782,0.637,1.4984207795608483e-4,5,LOC120100931
1.915808751993477e-8,1.050637080508892,0.253,0.134,2.469477481319592e-4,5,Adcy5
3.3254317358566596e-8,0.49189766916071687,0.847,0.709,4.2864815075192343e-4,5,Grm5
4.793582228776546e-8,0.7202935317969366,0.262,0.138,6.178927492892967e-4,5,Atp2b4
5.760300655201845e-8,0.4582006005231758,0.585,0.421,7.425027544555178e-4,5,Mgat4c
8.622585870301687e-8,0.2600483094342887,0.665,0.477,0.0011114513186818874,5,Lhfpl3
8.655788413487915e-8,0.617023389511044,0.5,0.34,0.0011157311264985922,5,Chsy3
1.3322966018584357e-7,0.29441882842763434,0.938,0.857,0.0017173303197955236,5,Fgf14
2.191311288556165e-7,0.672625816368088,0.385,0.243,0.0028246002509488967,5,Pde7b
2.9909768203868604e-7,0.30842261380610303,0.832,0.765,0.003855369121478663,5,Kcnd2
3.2981347309794227e-7,0.657976218118725,0.385,0.248,0.004251295668232476,5,Ppp1r9a
3.455646378211806e-7,0.5346748898178588,0.568,0.418,0.004454328181515018,5,Rbfox3
4.580780949876529e-7,0.33495839610299116,0.706,0.555,0.005904626644390846,5,Kazn
6.231777133065959e-7,0.4606071589351073,0.7,0.542,0.008032760724522022,5,Kcnq5
6.310939075998253e-7,0.4853207157221444,0.621,0.471,0.008134800468961749,5,Ppp3ca
9.720889566963737e-7,0.4505629573577794,0.579,0.428,0.012530226651816257,5,Cntnap5a
9.897301111387615e-7,0.2595472157514056,0.944,0.797,0.012757621132578636,5,Celf2
1.30757844249173e-6,0.4586903603184669,0.532,0.377,0.0168546861237184,5,LOC120102485
1.3382043138147784e-6,0.6251354290027435,0.344,0.216,0.017249453605072494,5,Tiam1
1.3444239004443078e-6,0.42459953059380595,0.632,0.462,0.017329624076727126,5,Gphn
1.3531917674471522e-6,0.7478724315463552,0.409,0.279,0.017442641882393792,5,LOC304725
1.7559967632121792e-6,0.35576613497211396,0.776,0.634,0.02263479827780499,5,Gabrb1
2.226877220616854e-6,0.2932100671595501,0.876,0.812,0.02870444737375125,5,Pcdh9
2.3913721011577705e-6,0.3665420163076125,0.585,0.43,0.03082478638392366,5,Trpm3
3.1507928090047794e-6,0.4911892164527618,0.544,0.4,0.04061371930807161,5,Galnt13
3.7543410641833556e-6,0.37028005934291963,0.697,0.564,0.048393456317323454,5,Myt1l
3.955809406216883e-6,0.4279873895612978,0.656,0.518,0.05099038324613562,5,Gria2
4.062289281110243e-6,0.38019356194296616,0.294,0.177,0.05236290883351103,5,Ptprz1
4.163670196240449e-6,0.6745287395092897,0.268,0.159,0.05366970882953939,5,Nsg2
9.357739131477042e-6,0.8145701103452223,0.256,0.155,0.12062125740473907,5,Diaph2
1.1589457228642718e-5,0.43423724726868373,0.424,0.284,0.14938810367720462,5,Ssbp2
1.2653477301582473e-5,0.518681970574244,0.447,0.312,0.16310332241739808,5,Ldb2
2.118543590319033e-5,0.336555046828253,0.435,0.298,0.2730802687921234,5,Tmem132d
2.391685021110172e-5,0.364381225300745,0.535,0.409,0.3082881992211012,5,Plxna4
3.117990618179359e-5,0.526816927215277,0.371,0.257,0.4019089906833194,5,Mbnl2
3.221189862099719e-5,0.42153952244095416,0.468,0.342,0.41521137322465373,5,Ryr3
3.235288265940986e-5,0.2731497437578261,0.794,0.681,0.4170286574797931,5,Csmd3
3.349721857142561e-5,0.4443127200841417,0.518,0.392,0.4317791473856761,5,Prkcb
3.4407135603567815e-5,0.548141891408938,0.309,0.2,0.44350797792998914,5,Rapgef6
3.6519359035404814e-5,0.33765722721228686,0.456,0.32,0.47073453796636805,5,Nebl
4.084464113622691e-5,0.4665701081653564,0.324,0.212,0.5264874242459648,5,Ptprr
4.143731274345838e-5,0.34514768331058887,0.659,0.517,0.5341269612631785,5,Gabrb3
4.195070068733993e-5,0.5119574873163748,0.379,0.264,0.54074453185981175,5,Atp2b1
4.57520731555288e-5,0.35441797080685244,0.759,0.623,0.5897442229747663,5,Erc2
4.921274376475827e-5,0.25764021769556855,0.8,0.665,0.6343522671277341,5,Plcb1
5.3502980724060966e-5,0.3089279003599037,0.4,0.277,0.6896534215331459,5,Mtus2
5.468804719613907e-5,0.46014095845696623,0.388,0.271,0.7049289283582326,5,Elmo1
5.5582918868864776e-5,0.692655854288813,0.253,0.162,0.7164638242196669,5,Ralgdsl1
5.7414654767010274e-5,0.3530300200694949,0.471,0.341,0.7400748999467625,5,Dscaml1
5.767044961243772e-5,0.2664193423079353,0.638,0.478,0.7433720955043223,5,Dclk1
5.8588642404451874e-5,0.6590321820792773,0.359,0.257,0.7552076005933847,5,Cnksr2
7.2408733723351e-5,0.30418682631610405,0.515,0.378,0.9333485776939944,5,Spock3
8.100273581951267e-5,0.4796899071880303,0.318,0.214,1,5,Lrfn2
8.121935663608562e-5,0.43304947130855753,0.409,0.289,1,5,Brinp3
8.41648293738047e-5,0.39916251849018103,0.288,0.185,1,5,Tcf20
9.063160640303921e-5,0.4160814270333433,0.324,0.215,1,5,Eml6
9.13415230808969e-5,0.2524430439668093,0.765,0.626,1,5,LOC102551177
9.523990979086382e-5,0.548983428821662,0.388,0.286,1,5,LOC103694103
9.754978948622753e-5,0.378333577439089,0.374,0.257,1,5,Nkain3
9.96392754038676e-5,0.3279332246710278,0.541,0.403,1,5,RGD1560883
1.370314204823543e-4,0.48160161103120025,0.318,0.219,1,5,Sh3rf3
1.4453376789816134e-4,0.38766297026402885,0.388,0.274,1,5,Arid1b
1.586808332525692e-4,0.44603821547663847,0.412,0.297,1,5,Mrtfb
1.6379864390324398e-4,0.2947936234369797,0.568,0.449,1,5,Usp29
1.6712366058041963e-4,0.5921250600250496,0.303,0.212,1,5,Neto1
2.008672034956836e-4,0.49224206306210583,0.329,0.232,1,5,Sipa1l1
2.122278492460363e-4,0.418841437321092,0.359,0.257,1,5,Ubr5
2.4126483379188185e-4,0.39468116702877,0.344,0.241,1,5,Gnas
2.5118462497441776e-4,0.45174622786769447,0.385,0.281,1,5,Adgrl2
2.903050946628001e-4,0.3345019495331796,0.568,0.452,1,5,Prkce
3.747084963124632e-4,0.25507601921099177,0.576,0.45,1,5,LOC102548730
3.998178263436211e-4,0.5683816649073865,0.271,0.186,1,5,Sergef
4.058696102259837e-4,0.5694062384252168,0.356,0.268,1,5,Kcnab1
4.110799338873939e-4,0.34713351185639274,0.471,0.358,1,5,Ksr2
4.3759774535627856e-4,0.39807844322981256,0.288,0.197,1,5,Dtnb
5.082431755894759e-4,0.27636767152094643,0.3,0.2,1,5,Slc35f4
6.366835433002017e-4,0.2613242500649915,0.55,0.418,1,5,Ntrk3
6.477065078810127e-4,0.40408649247111406,0.326,0.233,1,5,Dpyd
6.936650301145363e-4,0.3608996973346468,0.353,0.261,1,5,Stau2
7.05456879601602e-4,0.28091150102307383,0.374,0.268,1,5,Jakmip2
8.472771401021669e-4,0.301197131466715,0.6,0.489,1,5,Marchf1
8.480942625640379e-4,0.2761779139818117,0.332,0.228,1,5,Nhs
8.740625510924532e-4,0.33128084263377877,0.518,0.411,1,5,Unc79
9.124769979562213e-4,0.32784373379517495,0.482,0.375,1,5,Lrrtm3
0.0010081467741071912,0.40548284733519857,0.306,0.215,1,5,Dlg1
0.001032922312444086,0.39937129289101825,0.253,0.173,1,5,Fbxo11
0.0010819615140267892,0.34665748576315725,0.285,0.198,1,5,Ppp1r12b
0.0013166104648345016,0.3314854147944266,0.544,0.434,1,5,Cacnb2
0.001570400418139446,0.3124940312869573,0.303,0.217,1,5,Rnf150
0.001967286550890378,0.2903803710251305,0.759,0.636,1,5,Robo1
0.002073231559301922,0.33081754853935075,0.259,0.181,1,5,Htr2c
0.0021646930404917984,0.4275816000071846,0.294,0.214,1,5,Camk4
0.0026610590478961175,0.4298759727370567,0.321,0.241,1,5,RGD1564053
0.0027198231512953887,0.29157521869727776,0.274,0.19,1,5,Nova1
0.002930651770254607,0.31133031899788266,0.279,0.198,1,5,Rfx3
0.0031837022995935553,0.3970333963078494,0.265,0.188,1,5,Zfp385b
0.0034328434118748355,0.27624201952036187,0.256,0.181,1,5,Ankrd11
0.003498173500989943,0.37643699842135936,0.309,0.232,1,5,Gabra2
0.003948955962922456,0.34924617613049147,0.441,0.365,1,5,Klhl29
0.004926972685099981,0.29266776123656335,0.291,0.216,1,5,Cask
0.005474421076614978,0.5231265166130454,0.25,0.189,1,5,Syt16
0.005492617224602951,0.3457117950890549,0.335,0.26,1,5,Trerf1
0.005582269294981143,0.3034114508217147,0.268,0.195,1,5,Dnmt3a
0.006591218800532642,0.25017219174592986,0.518,0.43,1,5,LOC102555866
0.006880279011978342,0.3385893087824985,0.35,0.274,1,5,Brinp1
0.007835120403653006,0.3467420891250881,0.297,0.227,1,5,Nsf
9.854069875887456e-25,0.7810264049671458,0.787,0.685,1.270189607001893e-20,6,Grid2
2.189280042934832e-19,0.9225064170826363,0.592,0.447,2.821981975342998e-15,6,Dscam
1.0398209217742995e-17,0.294325561317617,0.996,0.976,1.340329168167072e-13,6,Meg3
4.412656380446988e-17,1.0907382379116175,0.583,0.453,5.687914074396167e-13,6,Galntl6
1.1844647796170037e-16,0.6314778057467034,0.732,0.606,1.5267751009263178e-12,6,Tenm3
6.151730464334344e-13,1.3133963311372523,0.384,0.255,7.92958056852697e-9,6,Zfp804b
2.007468324617957e-12,1.3185813128271837,0.294,0.164,2.5876266704325463e-8,6,Grik1
9.607051477260017e-12,0.5274154091256333,0.835,0.777,1.2383489354188163e-7,6,Asic2
1.0069075392167704e-9,1.1511448765993593,0.31,0.201,1.297903818050417e-5,6,LOC102548260
2.9775835099871676e-9,0.7682829172590511,0.482,0.399,3.838105144373459e-5,6,Peg3
3.37851305450438e-8,0.6617489945690376,0.493,0.403,4.354903327256146e-4,6,Pcdh15
4.6488306804400704e-8,0.30701039750213877,0.871,0.854,5.992342747087251e-4,6,Cntnap2
5.882822239898219e-7,0.8769027061906431,0.421,0.354,0.007582957867228804,6,Cntnap5c
6.80274367365386e-7,0.7828656925785538,0.364,0.276,0.008768736595339825,6,LOC304725
1.0002265406625948e-6,0.9597182724623929,0.255,0.17,0.012892920109140848,6,Kcnip1
9.757969742978223e-6,0.3027723018178099,0.838,0.82,0.1257802299869893,6,LOC102555254
9.776743737827978e-6,0.4255585183277284,0.66,0.628,0.12602222678060263,6,Dab1
1.0735801018857409e-5,0.26480420588789144,0.826,0.838,0.138384475133072,6,Frmd4a
3.1417122575997605e-5,0.868014246984889,0.254,0.184,0.4049667100046091,6,Nova1
3.524690178598886e-5,0.3120478300709415,0.813,0.782,0.45433256402139643,6,Nalf1
6.527275398375323e-5,0.45500833781027206,0.613,0.615,0.8413657988505792,6,Ccser1
9.660975989208386e-5,0.5430766280464026,0.423,0.369,1,6,Rbms3
1.0217194529653496e-4,0.6062795725011467,0.518,0.484,1,6,Prkg1
1.573725417297837e-4,0.25264097252182083,0.829,0.836,1,6,Magi2
1.93830706329864e-4,0.39000311093616036,0.664,0.666,1,6,Grik2
4.207447936490859e-4,0.5754147507288851,0.549,0.537,1,6,Cdh18
4.696788204649726e-4,0.4051141037878483,0.555,0.543,1,6,Gria4
5.266755706437013e-4,0.4912941567289275,0.5,0.501,1,6,Camta1
7.260989603154593e-4,0.3805264332461018,0.526,0.525,1,6,Ahi1
0.0010079803296837047,0.701016831652695,0.327,0.284,1,6,LOC120102252
0.0017705001754560502,0.4779769321464009,0.454,0.453,1,6,Srrm2
0.001972875881522078,0.38936480858236466,0.504,0.476,1,6,Unc5d
0.0024898559810555506,0.27666521978661507,0.773,0.823,1,6,mt-Rnr2
0.00279743347116314,0.4350198699853691,0.525,0.503,1,6,Marchf1
0.003007848600855263,0.4375354620983165,0.576,0.561,1,6,Sgcz
0.0030357592377192044,0.6829716030460493,0.283,0.242,1,6,Sdk1
0.003848691831305055,0.34861481623239365,0.488,0.464,1,6,Usp29
0.004093143896412005,0.2984057415239425,0.842,0.852,1,6,Lrrtm4
0.006311305790794658,0.6575632376687208,0.313,0.278,1,6,Cntnap5b
0.007130139799767054,0.6418869695860252,0.349,0.322,1,6,Clstn2
1.1033830008409134e-84,4.840699221078608,0.509,0.04,1.4222606880839375e-80,4,Chst9
2.3451936248029186e-81,3.5777688745914373,0.759,0.123,3.022954582370962e-77,4,Foxp2
1.5452358069812545e-65,2.687944429599965,0.982,0.4,1.991808955198837e-61,4,Erbb4
3.7920744137194955e-44,1.4278843540290742,1,0.849,4.887983919284429e-40,4,Nkain2
6.889073448210391e-35,1.9896783823342319,0.83,0.38,8.880015674743195e-31,4,LOC103691527
8.963198209815598e-34,2.1028235513165603,0.804,0.405,1.1553562492452307e-29,4,Grm8
2.5134703277419294e-33,1.5220755475681402,0.982,0.764,3.239863252459347e-29,4,Kcnd2
7.051852975915046e-28,3.195336692350695,0.411,0.095,9.089838485954494e-24,4,Pbx3
8.619857764015784e-27,2.4289021525978836,0.589,0.216,1.1110996657816345e-22,4,St6galnac3
2.424498193178505e-22,1.694374126934831,0.67,0.299,3.1251781710070927e-18,4,Meis2
7.063812179165687e-19,1.4894602454663706,0.759,0.44,9.10525389894457e-15,4,Trpm3
1.7089378905841571e-15,0.6577800456157368,0.991,0.911,2.2028209409629785e-11,4,Nrxn3
2.971933435674823e-15,1.1905815020445223,0.768,0.476,3.830822198584847e-11,4,Prkg1
2.632462951226391e-14,2.286305472275569,0.348,0.12,3.393244744130818e-10,4,Sphkap
3.2713895622257264e-13,1.596798002165015,0.527,0.263,4.2168211457089616e-9,4,Nkain3
7.560955267619516e-13,0.5737369012320954,1,0.945,9.746071339961557e-9,4,Dlg2
1.3888331527961193e-12,2.2274473292061203,0.339,0.125,1.7902059339541977e-8,4,Csgalnact1
2.1848231408848168e-12,1.1814343816809179,0.634,0.361,2.8162370286005287e-8,4,Adarb2
3.5544708474333236e-12,1.4022670090685048,0.554,0.308,4.581712922341554e-8,4,Pak5
9.962685723990633e-12,1.085873216879257,0.705,0.488,1.2841901898223928e-7,4,Pbx1
1.3594178956990738e-11,0.7661401799941281,0.902,0.749,1.752289667556106e-7,4,Auts2
1.8508239662295653e-9,0.6665557825765758,0.893,0.722,2.3857120924699096e-5,4,Lingo2
2.543478239713318e-9,0.5851219932890102,0.92,0.819,3.2785434509904665e-5,4,Celf2
5.885734897392503e-9,0.9175278101921931,0.741,0.564,7.586712282738937e-5,4,Cntn5
5.8907714712647576e-9,2.104281939140352,0.312,0.135,7.593204426460273e-5,4,Olfm3
7.890634526044966e-9,0.9262016274665243,0.732,0.558,1.0171027904071962e-4,4,Epha6
1.1749206994943457e-7,0.8967889191573466,0.661,0.496,0.0015144727816482116,4,Sntg1
2.8723370793789365e-7,0.5172940629332023,0.795,0.651,0.0037024424953194493,4,Grip1
4.40424462804336e-7,0.885173119500533,0.67,0.518,0.00567707132554789,4,Cacna2d3
5.988605959976798e-7,0.6807101334932524,0.812,0.738,0.007719313082410092,4,Dlgap1
6.333616663634992e-7,1.8348300853066106,0.286,0.133,0.008164031879425505,4,Vwc2l
6.33811526467941e-7,0.9721304650142346,0.67,0.574,0.008169830576171759,4,Gabrg3
6.497645315880552e-7,1.8703483832177805,0.304,0.15,0.008375464812170032,4,Kcnh5
7.711150140788334e-7,0.4941566387257872,0.839,0.736,0.009939672531476164,4,Gria1
8.595804262380096e-7,1.3742963668769774,0.402,0.241,0.011079991694207944,4,Dpyd
1.0908208516331367e-6,0.9644474319785323,0.536,0.353,0.014060680777551132,4,Inpp4b
1.1784902532727498e-6,1.550025514002051,0.268,0.12,0.015190739364685745,4,Unc13c
1.6100182074524305e-6,0.724850126235788,0.777,0.697,0.02075313469406183,4,Csmd3
2.2001582400940154e-6,1.8629507137413575,0.295,0.153,0.02836003971481186,4,Atp2b4
2.9641613745563903e-6,0.5172010414351211,0.866,0.821,0.038208040118031875,4,Syt1
4.5757495825563776e-6,1.6004533766366023,0.259,0.122,0.058981412119151706,4,Chn2
5.8035902233777365e-6,1.6988617931708572,0.312,0.167,0.07480827797933902,4,Ano3
6.925067790932708e-6,0.7054181954846386,0.75,0.659,0.08926412382512261,4,LOC120100931
1.0055860628761713e-5,1.2010313315776626,0.455,0.315,0.1296200435047385,4,Plxdc2
1.3843852458382096e-5,0.7443944595952474,0.616,0.512,0.17844725818854523,4,Dlgap2
1.4957913219081826e-5,0.682802204210847,0.625,0.501,0.19280750139396474,4,Tmeff2
1.9088123683064235e-5,1.1045820506271076,0.482,0.338,0.246045914274698,4,Caln1
2.6409913161198798e-5,0.8219546470476891,0.571,0.447,0.3404237806478525,4,Cacnb2
4.8026296145444014e-5,1.3576209878751089,0.33,0.198,0.6190589573147733,4,Slc2a13
5.440755172060952e-5,0.8250185573472284,0.562,0.455,0.7013133416786568,4,Tenm1
5.791342859390007e-5,0.9711911901296983,0.518,0.414,0.7465040945753719,4,Slc35f1
7.229145396834538e-5,0.5430885200970454,0.714,0.601,0.931836841651972,4,Kirrel3
1.1971474504259037e-4,1.0891635505585637,0.42,0.296,1,4,Fat3
1.3136291221967563e-4,1.2093139515719864,0.348,0.229,1,4,Me3
1.6165990248254102e-4,0.6840661500622218,0.598,0.521,1,4,Rims2
1.6418633601562426e-4,0.3837062440176897,0.821,0.7,1,4,Phactr1
1.7503522675145077e-4,0.42434219302863685,0.777,0.768,1,4,Dpp6
2.729380847782373e-4,1.269919084358709,0.268,0.156,1,4,LOC120102479
3.276176372762299e-4,1.432741015441808,0.321,0.212,1,4,Cdh10
3.2975733415234823e-4,0.5424219173717697,0.732,0.654,1,4,Robo1
3.665876662868287e-4,0.6922445953729124,0.616,0.582,1,4,Frmpd4
3.672594227318342e-4,0.49597802129990054,0.759,0.666,1,4,Lrrc7
4.884410642655886e-4,0.5916784775245314,0.634,0.555,1,4,Tnr
6.881174996391815e-4,0.767298902103231,0.536,0.448,1,4,B3galt1
7.266021554194749e-4,0.8097509208734612,0.446,0.34,1,4,Pex5l
9.431706985820016e-4,1.2414666605721731,0.268,0.165,1,4,Slit2
0.0011021473339441262,1.232987133476044,0.402,0.309,1,4,Alcam
0.0012774955200354468,0.6016700572059266,0.616,0.571,1,4,Cadps
0.0014536315017929422,1.0854817084843305,0.348,0.244,1,4,Sipa1l1
0.0018660910257852058,0.41109682250421553,0.768,0.684,1,4,Schip1
0.0037820386901321968,0.40966132220316176,0.688,0.651,1,4,Adgrl3
0.005764363852027688,0.7578237544860569,0.527,0.507,1,4,Dclk1
0.0065753294249822365,1.1916220744994712,0.25,0.175,1,4,Ankrd28
0.008650991956105284,0.6900449462684195,0.464,0.393,1,4,Ptprt
2.8942071559312183e-147,3.863708894365324,0.895,0.129,3.7306330239953404e-143,8,Ntng1
5.835327790002028e-106,3.3594157594120584,0.692,0.086,7.521737521312615e-102,8,Rnf220
6.253145338765074e-97,4.877281097269225,0.372,0.014,8.060304341668181e-93,8,Plekhg1
9.75179199106254e-95,4.021645301304432,0.448,0.028,1.2570059876479614e-90,8,Tcf7l2
5.013161073961471e-81,4.899530267067863,0.314,0.012,6.461964624336336e-77,8,Synpo2
9.653008349347686e-77,4.695836736977677,0.291,0.01,1.2442727762309167e-72,8,Lef1
5.693970284413129e-73,1.6735836460415001,1,0.913,7.339527696608523e-69,8,Kcnip4
7.467270919428533e-60,1.818681138147387,0.791,0.213,9.62531221514338e-56,8,Nxph1
4.2137932826610194e-51,2.6704819085142373,0.465,0.08,5.431579541350054e-47,8,Vav3
4.610650157895434e-50,3.6186346829032043,0.32,0.035,5.943128053527214e-46,8,Ptpn3
1.0606214102684387e-47,3.627604933751934,0.267,0.023,1.3671409978360175e-43,8,Cpne9
4.165879893150408e-47,2.302094187375122,0.622,0.168,5.3698191822708756e-43,8,LOC120099885
3.002676698059856e-46,2.9621498050785178,0.349,0.047,3.8704502637991543e-42,8,Tmem163
4.344652565109775e-45,2.3382531727637454,0.558,0.136,5.6002571564265e-41,8,Plcb4
2.6939398850248047e-44,2.0905103978821087,0.616,0.165,3.4724885117969733e-40,8,Tox
7.655226982787996e-44,1.8445716507234864,0.64,0.177,9.867587580813727e-40,8,Fgf13
3.1777483246483257e-43,2.000754029700529,0.709,0.247,4.096117590471692e-39,8,Gpc5
5.954434666383189e-41,3.082331073323447,0.297,0.037,7.67526628496793e-37,8,Phactr2
6.393155998442233e-38,1.1909328073016692,0.959,0.668,8.240778081992039e-34,8,Ralyl
2.030304830149586e-37,2.001773342398081,0.535,0.146,2.617062926062816e-33,8,LOC120096504
1.3240841273465214e-36,1.8914415848938244,0.715,0.311,1.7067444401496662e-32,8,Kcnc2
2.7510954542040543e-34,2.4446538078519993,0.331,0.058,3.546162040469026e-30,8,Ccdc136
2.0172871852592383e-32,1.9588071888758287,0.517,0.153,2.6002831817991583e-28,8,Cit
5.500760895818239e-32,1.491602379425221,0.744,0.32,7.09048079470971e-28,8,Astn2
8.355017183316743e-32,1.5678367955677621,0.703,0.297,1.0769617149295281e-27,8,Nell1
3.0360615138235497e-31,1.3102244442141884,0.82,0.383,3.9134832913185555e-27,8,Cdh12
1.7107118076916814e-30,1.5851874073090029,0.733,0.325,2.2051075201145774e-26,8,Inpp4b
9.979140883411154e-30,1.0978047323398519,0.924,0.631,1.2863112598716978e-25,8,Robo1
3.275649570652937e-29,1.0866098260238788,0.924,0.583,4.222312296571636e-25,8,Cacna1c
3.9147690252125853e-28,1.1322718896379391,0.89,0.535,5.046137273499022e-24,8,Rims1
4.1080954847895636e-27,2.12065171231439,0.355,0.085,5.295335079893748e-23,8,Ildr2
1.3050711637648553e-26,1.579714711343205,0.552,0.198,1.6822367300928984e-22,8,Srrm4
7.475394109999558e-26,1.3273916347912773,0.698,0.308,9.63578300778943e-22,8,Car10
3.8562888133475693e-25,1.4545760388502447,0.651,0.269,4.970756280405017e-21,8,Pcsk2
7.500748749136074e-25,2.103354778426486,0.279,0.056,9.6684651376364e-21,8,Htr7
1.6348293942085499e-24,1.8180787386032404,0.326,0.075,2.107295089134821e-20,8,Adcy8
9.587074206591095e-24,1.1066042173198998,0.895,0.648,1.235773865229592e-19,8,Lrrc7
3.2981610692594387e-22,1.3662559338263063,0.645,0.296,4.251329618275416e-18,8,LOC120103064
1.2151618632647992e-21,1.0441203131491674,0.901,0.666,1.566343641748326e-17,8,Schip1
1.6523093078541746e-21,1.4702244145041037,0.523,0.198,2.129826697824031e-17,8,Cep112
1.3727306731017563e-20,1.6816452699254811,0.314,0.082,1.769449837628164e-16,8,Tox3
1.6538820907945223e-20,2.029561299770026,0.25,0.054,2.1318540150341393e-16,8,Zfp423
3.370833692923192e-20,1.573496448438041,0.384,0.119,4.345004630177994e-16,8,Adarb1
4.4685805569077147e-20,1.12038146029562,0.669,0.305,5.760000337854045e-16,8,Ptprm
4.630260263957168e-20,1.146669049591523,0.576,0.231,5.968405480240789e-16,8,Chrm3
2.920807068607367e-19,0.9280134954298362,0.872,0.617,3.764920311434896e-15,8,Tenm4
5.186211933252102e-19,0.7378960164267179,0.983,0.728,6.6850271819619596e-15,8,Tenm2
5.258246943857176e-19,1.1479977972328483,0.622,0.28,6.7778803106319e-15,8,Zfp804a
5.671538117789197e-19,1.5886269015350185,0.43,0.156,7.310612633830274e-15,8,Alk
1.2490794297262252e-18,0.769046421881419,0.89,0.584,1.6100633849171043e-14,8,Ntm
3.740538016870952e-18,0.5828364515847202,0.971,0.854,4.8215535037466574e-14,8,Nrg3
7.372781073787462e-18,1.3429615365522407,0.587,0.279,9.503514804112039e-14,8,Plekha5
4.4309073876058696e-17,1.0610034004742044,0.785,0.553,5.711439622623966e-13,8,Cntn5
5.913689120763073e-17,1.6138883707501483,0.297,0.085,7.622745276663601e-13,8,Pitpnc1
7.752977833666922e-17,1.4182993636368886,0.407,0.15,9.993588427596663e-13,8,Gabra4
1.3950224749852827e-16,1.2903476285762359,0.512,0.224,1.7981839702560293e-12,8,Rasal2
4.840511643744692e-16,1.3741849995191027,0.372,0.133,6.239419508786908e-12,8,Ptpn4
7.29690338603118e-16,0.990913430610727,0.506,0.207,9.40570846459419e-12,8,LOC102548260
1.103184375730935e-15,0.7363728329212336,0.75,0.397,1.4220046603171751e-11,8,Pcdh15
1.1907743312234785e-15,0.8108812807216683,0.837,0.57,1.534908112947064e-11,8,Lrfn5
2.61008427657451e-15,0.7944984488192843,0.855,0.606,3.3643986325045436e-11,8,Pde4d
8.312891016484055e-15,1.4445319683074604,0.314,0.104,1.0715316520247947e-10,8,Cacna1g
8.423711522036826e-15,1.353018180344457,0.523,0.257,1.0858164151905468e-10,8,Grm1
1.3038192451664982e-14,1.071232362940924,0.483,0.209,1.6806230070196162e-10,8,Rab3c
1.947739122121145e-14,1.3962778542976202,0.372,0.145,2.510635728414156e-10,8,Rasgef1b
3.877200727648595e-14,0.6150899786887747,0.936,0.816,4.99771173793904e-10,8,Ctnna2
5.557140818570312e-14,0.4467234491640282,0.988,0.947,7.163154515137133e-10,8,Rbfox1
1.7490962797081141e-13,1.0785260864660149,0.529,0.266,2.254585104543759e-9,8,Hs6st3
2.192937984386425e-13,0.8097409231332753,0.785,0.504,2.826697061874102e-9,8,Ptprd
3.3818318357579464e-13,0.9306518155281722,0.605,0.32,4.359181236291993e-9,8,Nav2
5.561818794581079e-13,1.0155678490860693,0.651,0.375,7.169184426215011e-9,8,Atxn1
6.138329970388321e-13,1.250996991839362,0.366,0.148,7.912307331830546e-9,8,Mef2a
8.1711418722319e-13,0.7431983950507002,0.808,0.498,1.053260187330692e-8,8,Cacna2d3
1.1365649327515885e-12,0.9769653798981031,0.552,0.287,1.4650321983167975e-8,8,Cttnbp2
1.5948856241982128e-12,1.0501364977737369,0.465,0.217,2.0558075695914962e-8,8,Arl15
1.990193762521386e-12,1.1073425160378216,0.395,0.167,2.5653597598900667e-8,8,Syt7
2.237175720580848e-12,0.8113629402069642,0.43,0.181,2.883719503828713e-8,8,Grik1
3.9938730686351695e-12,0.47053978679358455,0.971,0.753,5.148102385470734e-8,8,Grm7
4.444119614320214e-12,1.0247383459459105,0.331,0.124,5.728470182858756e-8,8,Trps1
7.977217607582743e-12,0.9035398536045702,0.43,0.189,1.0282633496174155e-7,8,Rcan2
1.596881750218954e-11,1.1683476279621328,0.39,0.171,2.0583805760322318e-7,8,Fhod3
1.932553369880072e-11,1.0573767215537413,0.39,0.17,2.491061293775413e-7,8,Ehbp1
4.1854177744043174e-11,0.8257269533536005,0.75,0.481,5.395003511207165e-7,8,Rgs7
7.33552860690469e-11,0.933327612564586,0.564,0.315,9.455496374300145e-7,8,Gabbr2
8.007478918594517e-11,1.1540782124661848,0.302,0.118,1.0321640326068333e-6,8,Megf9
8.768639590305953e-11,0.3108500713678728,0.68,0.386,1.1302776431904375e-6,8,Hdac9
1.0878856490324754e-10,0.840869659771073,0.628,0.354,1.4022846016028607e-6,8,Gpr158
1.7431484081661523e-10,0.5118724465751736,0.843,0.556,2.2469182981261703e-6,8,Frmpd4
1.912416561559941e-10,1.0849528377608904,0.297,0.117,2.465104947850764e-6,8,Sphkap
1.9217470809844511e-10,0.3807088917921364,0.977,0.926,2.4771319873889576e-6,8,Nrxn1
3.3607520150047256e-10,0.815377633767948,0.314,0.124,4.332009347341091e-6,8,Fryl
4.987991914760103e-10,1.2608726514456126,0.32,0.138,6.429521578125773e-6,8,Necab1
6.325927662745921e-10,0.8369069936391997,0.605,0.367,8.154120757279491e-6,8,Unc5c
8.715004124608696e-10,1.0729855231637055,0.273,0.107,1.1233640316620609e-5,8,Mpdz
9.039586934845474e-10,1.1244666535635557,0.39,0.192,1.1652027559015816e-5,8,Zmat4
1.0174882582242513e-9,0.561845660653562,0.89,0.714,1.3115423648510599e-5,8,Fgf12
1.0517477882922932e-9,0.9665848706312641,0.576,0.349,1.3557028991087658e-5,8,Slc24a3
1.2776971896411779e-9,0.622412208222844,0.75,0.502,1.6469516774474783e-5,8,Rims2
1.4034541856347317e-9,1.0330252772269228,0.302,0.125,1.8090524452831692e-5,8,Srgap1
2.1203588595097973e-9,0.9042297651719937,0.424,0.214,2.7331425699081288e-5,8,Arhgap44
2.3616684371415896e-9,0.9360098633032887,0.413,0.207,3.044190615475509e-5,8,Med12l
5.181374483354078e-9,1.0175747863067501,0.297,0.127,6.678791709043407e-5,8,Esyt2
7.358350842947713e-9,1.1282724457053686,0.279,0.12,9.484914236559601e-5,8,Reep1
9.882278853826957e-9,0.45827576088513133,0.797,0.557,1.2738257442582946e-4,8,Gabrg3
1.1516172710173626e-8,0.8728234650069875,0.57,0.344,1.4844346623413805e-4,8,Ryr3
1.4769727844179116e-8,1.1310723321289529,0.39,0.201,1.9038179191146882e-4,8,Cpne4
1.7842353220554276e-8,0.711932018800149,0.576,0.349,2.2998793301294462e-4,8,Shisa9
1.98457673995258e-8,0.6116798867955469,0.593,0.358,2.558119417798876e-4,8,Egfem1
2.0991654227988645e-8,0.7137317050537968,0.762,0.592,2.7058242299877365e-4,8,Kirrel3
2.3464163768717545e-8,0.4360795700059539,0.814,0.569,3.0245307097876914e-4,8,Xkr4
2.5199328614391995e-8,0.8211343009454932,0.587,0.394,3.248193458395128e-4,8,Spock1
3.4505171752701484e-8,0.8300657630241364,0.401,0.214,4.4477166389232214e-4,8,Ablim1
3.468661876721241e-8,0.6540188809749905,0.622,0.378,4.47110515909368e-4,8,Cacna1a
3.92961698372677e-8,0.6521677797821046,0.581,0.345,5.065276292023806e-4,8,Hecw2
5.247753015120356e-8,0.5268119231276063,0.849,0.645,6.764353636490139e-4,8,Ctnnd2
6.490074064248671e-8,0.6559318986595626,0.506,0.285,8.365705468816537e-4,8,Galnt17
8.464001164322977e-8,0.5085876184168434,0.901,0.758,0.0010910097500812317,8,Lrp1b
9.195257046696368e-8,0.42032974087541763,0.36,0.176,0.0011852686333191618,8,Slc1a2
9.222143283319936e-8,0.4645883737796588,0.82,0.662,0.0011887342692199396,8,Rora
1.8343164514231385e-7,0.35769557719450873,0.849,0.673,0.0023644339058844256,8,Nrg1
1.875945709925323e-7,0.4369314384119809,0.669,0.395,0.0024180940200937413,8,Arpp21
2.194467019309871e-7,0.9007281309290048,0.279,0.127,0.0028286679878904235,8,Myrip
3.036607964804371e-7,0.7928117298709596,0.36,0.185,0.003914187666632834,8,Hspa12a
3.0925279705282164e-7,0.5859518471229936,0.517,0.299,0.003986268554010871,8,Cacnb4
3.380847874156479e-7,0.7705022479476271,0.401,0.219,0.004357912909787701,8,Mical3
4.034433844880319e-7,0.5860961065907953,0.622,0.409,0.005200385226050731,8,Khdrbs2
4.479591344266565e-7,0.635307482923468,0.36,0.183,0.005774193242759603,8,Vps13a
5.033190828908093e-7,0.7209358667108758,0.488,0.294,0.006487782978462532,8,Strbp
5.183490368969361e-7,0.3880267005467599,0.285,0.128,0.006681519085601506,8,Vwc2l
5.302619301034625e-7,0.7553375353284364,0.32,0.158,0.006835076279033632,8,Rgs7bp
9.00887599677478e-7,0.6415404373569524,0.453,0.264,0.01161244115984269,8,Tln2
9.82220446070162e-7,0.49026490405586864,0.808,0.62,0.012660821549844388,8,Ptprn2
1.0497973823114889e-6,1.029605283798817,0.297,0.15,0.013531888257995091,8,Bsn
1.0670476362801406e-6,0.936283292498704,0.308,0.158,0.013754244031651012,8,Cdkl5
1.070176455144632e-6,1.0523911523518616,0.262,0.125,0.013794574506814304,8,Lingo1
1.1101863714922504e-6,0.6797219419050842,0.448,0.251,0.014310302328535108,8,Plekha6
1.1530415396386163e-6,0.6447018206632675,0.285,0.135,0.014862705445941765,8,RGD1306271
1.5399079193492513e-6,0.5657758867841105,0.465,0.27,0.01984941308041185,8,Brinp1
1.7542671521773703e-6,0.7635601092570905,0.314,0.161,0.022612503591566302,8,Garnl3
1.9040192067056302e-6,0.8588652743923167,0.291,0.145,0.024542807574435575,8,Rhog-ps3
2.0802389741378056e-6,0.793829513844104,0.256,0.121,0.026814280376636315,8,Ppp2r5e
2.31011629459455e-6,0.7021725142712756,0.267,0.127,0.029777399037323748,8,LOC120094341
3.855994310170873e-6,0.38363632127395597,0.302,0.148,0.04970376665810255,8,Foxp2
4.8725417477788445e-6,0.7290603926001271,0.32,0.169,0.0628070631288693,8,Ctif
4.952399485498703e-6,0.7703294277668175,0.256,0.124,0.06383642936807829,8,Pou2f1
5.055501558737993e-6,0.3321182240122509,0.895,0.755,0.06516541509213272,8,Dpp6
6.055562014699921e-6,0.8897430516616658,0.302,0.16,0.07805619436948198,8,LOC120097467
7.377810310831483e-6,0.6188827287027128,0.384,0.221,0.09509997490661783,8,Ncor1
8.011043425844059e-6,0.7220130460855612,0.419,0.253,0.10326234975912991,8,Ncald
8.804199865397254e-6,0.3332103256399943,0.901,0.781,0.1134861362649706,8,Nalf1
8.884104398208104e-6,0.5206730868609433,0.43,0.258,0.11451610569290246,8,LOC120095249
8.979220228395868e-6,0.5838457817572418,0.314,0.163,0.11574214874402274,8,Prkag2
9.210971577885995e-6,0.3824853758561928,0.866,0.661,0.11872942363895048,8,Grin2b
1.0302513084632363e-5,0.4709768836023298,0.599,0.383,0.13279939366091115,8,Spock3
1.0398653401783196e-5,0.6010283334765614,0.616,0.457,0.1340386423489854,8,Pde10a
1.0736204499266628e-5,0.4009368865322158,0.657,0.446,0.13838967599554683,8,Kcnb2
1.2244590502876495e-5,0.5510478145091733,0.39,0.225,0.15783277158207804,8,Cacna1b
1.2300299037774338e-5,0.5325395276814824,0.488,0.309,0.1585508545969112,8,Entrep2
1.3127987191183659e-5,0.7602957416852207,0.262,0.132,0.16921975489435737,8,Gabbr1
1.711472369264082e-5,0.8454325158156376,0.291,0.159,0.22060878839814016,8,Tmem108
1.764258973530583e-5,0.47372224791078343,0.407,0.232,0.22741298168809218,8,Cdh2
1.8493005230417472e-5,0.7368258745723626,0.355,0.211,0.23837483742008123,8,Rgs6
1.957456103225717e-5,0.4695455616200137,0.587,0.405,0.25231609170579494,8,Cntn1
1.9685607981097127e-5,0.5955403548493673,0.297,0.155,0.25374748687634197,8,Gap43
2.033766657300594e-5,0.5967998912398105,0.419,0.25,0.26215252212604656,8,Stox2
2.2985117780861213e-5,0.5845377754166137,0.349,0.194,0.29627816819530106,8,Rtn3
2.4015760957596e-5,0.3074860577446681,0.541,0.327,0.30956315874341245,8,Zfhx3
2.8626816335413767e-5,0.46866894055301245,0.419,0.246,0.36899966256348343,8,Etl4
3.199856638925985e-5,0.9796063688703847,0.314,0.182,0.41246152075755943,8,Col25a1
4.22050309010082e-5,0.5721656412743135,0.372,0.216,0.5440228483139957,8,Herc2
4.4327232580282085e-5,0.8445346954312367,0.262,0.141,0.571378027959836,8,Enah
4.5495763706720555e-5,0.4443876528085413,0.448,0.276,0.5864403941796279,8,Scn1a
4.554559216742663e-5,0.26597267774600164,0.727,0.5,0.5870826830381293,8,Pde4b
4.6006375806337065e-5,0.5271377443927557,0.279,0.148,0.5930221841436848,8,Kcnt2
5.061832611761442e-5,0.537058514136513,0.291,0.158,0.6524702236560499,8,Dync1h1
5.6178483145043555e-5,0.5355849343680714,0.308,0.172,0.7241406477396114,8,Erc1
6.168762116095603e-5,0.32091454782204654,0.872,0.747,0.7951534367647232,8,Auts2
6.85265397773103e-5,0.5569754894227101,0.297,0.164,0.8833070977295299,8,Epb41l3
8.258005832036366e-5,0.6024448411581906,0.413,0.263,1,8,Nell2
8.34012217601242e-5,0.6313114393656545,0.285,0.159,1,8,Ralgps1
9.515725736893157e-5,0.5275678935861186,0.331,0.193,1,8,Osbpl6
1.2721767949120728e-4,0.5080094984344727,0.407,0.256,1,8,Cdh8
0.00013751448997779349,0.4331470895225844,0.337,0.198,1,8,Phactr3
1.4966855773074572e-4,0.44934680994680765,0.483,0.318,1,8,Bltp1
1.6669269171546144e-4,0.6305562828368773,0.262,0.146,1,8,Epha4
1.682368394232722e-4,0.43467930829798074,0.372,0.227,1,8,Pam
1.7631863846936116e-4,0.5468735473185224,0.279,0.156,1,8,Rai1
1.9241772726291556e-4,0.4239526352609857,0.32,0.187,1,8,LOC103690480
2.1799642977717165e-4,0.4277753652196701,0.529,0.355,1,8,Hecw1
2.3549066659812133e-4,0.3855028523345094,0.471,0.304,1,8,Cdk14
2.58746470089626e-4,0.41267290070895535,0.36,0.213,1,8,St6galnac5
3.083356937033971e-4,0.37657556538291725,0.331,0.198,1,8,Dner
3.4310290991959835e-4,0.33942227314987283,0.616,0.439,1,8,Dgki
4.023351637039464e-4,0.6103555942248269,0.314,0.197,1,8,Ogt
4.2770288617953364e-4,0.33664152520114565,0.39,0.245,1,8,Fut9
4.31740500058694e-4,0.4602935841170779,0.622,0.459,1,8,LOC102548730
4.753673661449248e-4,0.37469426900696545,0.5,0.333,1,8,Fmn2
4.792069399857027e-4,0.4084673126098406,0.442,0.287,1,8,Atp8a2
5.15996347921349e-4,0.45947726509815356,0.413,0.273,1,8,Atp2b1
5.875639753073625e-4,0.328314904314726,0.442,0.29,1,8,Mast4
6.091420870952101e-4,0.4754021501130017,0.32,0.198,1,8,Snap91
6.602098270381914e-4,0.4469811250206357,0.279,0.164,1,8,LOC102554677
6.68794064502168e-4,0.3310439820008291,0.43,0.281,1,8,Dnaaf9
7.75023416931228e-4,0.3500413403514069,0.32,0.189,1,8,Bmerb1
8.191796022964709e-4,0.4268799104921639,0.459,0.307,1,8,Dnajc6
8.228474604737751e-4,0.42008618213027926,0.436,0.287,1,8,Chd9
9.172875169268221e-4,0.4936124015095067,0.262,0.156,1,8,Rab6b
9.64275243327006e-4,0.49375286714758815,0.267,0.159,1,8,Epb41l4b
0.0010363466071958219,0.29101338924388154,0.64,0.477,1,8,Dscam
0.0010983213643982763,0.5907851261235162,0.262,0.159,1,8,Ppm1l
0.0011563092447176644,0.42803104233457256,0.337,0.218,1,8,Fmnl2
0.0012748885539364328,0.4224648728467859,0.407,0.276,1,8,Jakmip2
0.0013928308414695174,0.37299751644928536,0.471,0.328,1,8,Unc80
0.0015114132381615,0.27562498472856456,0.32,0.196,1,8,Dock7
0.0016323166866591256,0.44579535145771376,0.302,0.189,1,8,Rnf130
0.0017680405724849338,0.5078783329949519,0.279,0.176,1,8,Dock9
0.0021187112410782933,0.4465018141369861,0.285,0.182,1,8,Hnrnpu
0.002322845044088071,0.39068959080677423,0.314,0.203,1,8,Dpysl2
0.0025086459810520897,0.47241596021079557,0.349,0.237,1,8,LOC120094326
0.0025619661981485593,0.4139268140200405,0.366,0.248,1,8,Atrnl1
0.0025922492565089764,0.4165662933647003,0.279,0.176,1,8,Itpr1
0.0026093137225103357,0.31368516975471694,0.547,0.394,1,8,Mycbp2
0.0026167054825180537,0.3710180006007522,0.331,0.217,1,8,Ptprs
0.002629237837495095,0.26301467526621547,0.488,0.351,1,8,Dync1i1
0.0027806521415515823,0.3811731571921626,0.267,0.166,1,8,Slc8a3
0.0028158824681713797,0.25038752507633544,0.279,0.172,1,8,Ube3a
0.0028747912838142727,0.42271018080088485,0.43,0.321,1,8,Sptbn1
0.0031243997629663675,0.27520700399892495,0.401,0.272,1,8,Ralgapa1
0.003523052548886919,0.3183044659220122,0.273,0.17,1,8,Snx29
0.0037985055434511367,0.2856128965325253,0.349,0.231,1,8,Kcnj3
0.003947290887183453,0.40160424157908203,0.256,0.158,1,8,Psme4
0.004043992429508034,0.2862443392926015,0.337,0.223,1,8,Sh3gl2
0.004828852722250863,0.4176851827234309,0.256,0.163,1,8,Srrm3
0.004882348653991765,0.5064890521660694,0.256,0.163,1,8,Tmem117
0.005102195070507506,0.2828243991144297,0.372,0.255,1,8,Kif1a
0.005455916185761904,0.5338357912390437,0.262,0.168,1,8,Kcnj6
0.0055071654800838,0.4432891410098543,0.302,0.206,1,8,Farp1
0.005614572447860719,0.32068696301112976,0.512,0.388,1,8,Trio
0.005632522134211929,0.3748859987304023,0.436,0.311,1,8,Akt3
0.005646963502063535,0.48419492030094413,0.262,0.171,1,8,Wnk2
0.005751925853128647,0.28435152494507965,0.291,0.189,1,8,LOC102549789
0.005889993293421153,0.27967451358708484,0.459,0.334,1,8,Gnao1
0.006104854925435849,0.3213775496241038,0.378,0.265,1,8,Gabrb2
0.006297087185614679,0.34950662657819387,0.331,0.231,1,8,Ttll7
0.006384169652748822,0.35191384334162,0.36,0.253,1,8,Kcnd3
0.008309845261483458,0.3134091821476046,0.297,0.2,1,8,Srpk2
0.00845898486897542,0.2544587575195072,0.262,0.168,1,8,Ppp2r5c
0.008510172074381404,0.30854756292423957,0.541,0.411,1,8,Prickle2
0.00925204280420689,0.385454253248503,0.297,0.201,1,8,Gls
0.009806613346381316,0.33663133612035834,0.262,0.171,1,8,Tmcc3
5.38972716963652e-52,2.5317235402691156,0.765,0.237,6.947358321661474e-48,3,Sox5
3.6012374531717825e-51,3.1580236728873006,0.831,0.38,4.641995077138428e-47,3,Hdac9
2.1158910807891003e-45,2.7004260040083152,0.618,0.15,2.7273836031371505e-41,3,Arhgap6
9.49825016416081e-36,2.4571754898524594,0.551,0.149,1.2243244461603284e-31,3,Tmcc3
1.9873211458024874e-35,2.132574710003486,0.669,0.238,2.5616569569394063e-31,3,Pde7b
1.1900233401612356e-31,2.3230615513813455,0.537,0.157,1.5339400854678327e-27,3,Ankfn1
1.0356126159704622e-26,1.0555209649905883,0.949,0.726,1.3349046619859259e-22,3,Gria1
1.0588914089701775e-24,1.8860056315634843,0.61,0.248,1.3649110261625587e-20,3,Dock10
1.1841986627325163e-21,0.6483030301843158,1,0.947,1.5264320762622137e-17,3,Rbfox1
7.283358406254361e-21,2.256426003199694,0.39,0.116,9.388248985661872e-17,3,Ptpro
3.4081636967823773e-19,2.2513092175352973,0.412,0.141,4.3931230051524846e-15,3,Vat1l
7.171806920044972e-19,0.8896536217621671,0.963,0.759,9.244459119937969e-15,3,Grm7
1.1134683950039717e-18,1.5970141496791743,0.581,0.27,1.4352607611601194e-14,3,Camk2d
3.0702199403314905e-18,1.9185161645398081,0.493,0.208,3.957513503087291e-14,3,Camk4
4.195288596294695e-18,1.0606490160512108,0.846,0.55,5.407727000623862e-14,3,Kcnq5
2.926180160244019e-17,2.1896407169827765,0.338,0.103,3.7718462265545405e-13,3,Ubash3b
4.5790881669372936e-17,1.5570119107313682,0.559,0.256,5.902444647182172e-13,3,Thsd7b
2.584168892156543e-15,1.8972716486448349,0.316,0.096,3.330993701989784e-11,3,Prkd1
4.010503706032305e-15,2.0701661348260307,0.36,0.131,5.1695392770756415e-11,3,Pdzrn3
1.1973951984838769e-14,1.586226637172423,0.426,0.17,1.5434424108457174e-10,3,Maml2
7.119021875087764e-14,1.0726818996168022,0.721,0.466,9.176419196988128e-10,3,Unc5d
3.977424794247418e-13,1.294184657502166,0.566,0.316,5.126900559784922e-9,3,Slc35f3
1.9855031673574988e-12,2.004187254429373,0.257,0.079,2.559313582723816e-8,3,Dchs2
2.7978830646417054e-12,1.161173208530613,0.662,0.44,3.606471270323158e-8,3,Cntnap5a
5.4242371301693585e-12,1.6133507984143671,0.522,0.291,6.991841660788303e-8,3,Shank2
5.614821412824875e-12,1.995010012443851,0.25,0.078,7.237504801131264e-8,3,Lmo7
1.0157439200581733e-11,1.0005974249464171,0.676,0.444,1.3092939129549854e-7,3,Tenm1
3.378422951286124e-11,1.8027085992092324,0.346,0.149,4.3547871842078134e-7,3,Dgkg
1.015535781148433e-10,0.9199062706101446,0.735,0.51,1.3090256219003301e-6,3,Cacna2d3
1.44667470539478e-10,0.8514668638993506,0.779,0.568,1.8647636952538713e-6,3,Frmpd4
2.5273500150349796e-10,1.796464857178832,0.272,0.1,3.2577541693800887e-6,3,Gda
2.543892991338576e-10,1.5415451569855296,0.449,0.232,3.2790780658354244e-6,3,Zfp385d
2.8436817787989244e-10,1.7175199619322759,0.346,0.155,3.6655058128718135e-6,3,Epb41l4b
3.87014958492433e-10,1.7399456761241505,0.257,0.092,4.9886228149674615e-6,3,Trpc4
7.41285434814871e-10,1.0993394520092248,0.559,0.33,9.555169254763688e-6,3,Caln1
1.171008634270793e-9,0.988170875176765,0.493,0.267,1.5094301295750522e-5,3,Kcnab1
1.7449119438852685e-9,1.082819208186128,0.544,0.331,2.249191495668111e-5,3,Zfhx3
2.49500487695921e-9,0.8369916811040174,0.816,0.654,3.216061286400422e-5,3,Kalrn
2.906736914664766e-9,1.3296408897571241,0.412,0.214,3.746783883002883e-5,3,Neto1
3.772610712208399e-9,0.7180008611115056,0.831,0.678,4.862895208036627e-5,3,Nrg1
3.874012082737193e-9,1.5384655820464352,0.346,0.158,4.9936015746482424e-5,3,Thsd7a
5.041048366873168e-9,0.6489937318533778,0.794,0.682,6.497911344899513e-5,3,Plcb1
8.612784834693775e-9,0.9953379657974906,0.581,0.365,1.1101879651920275e-4,3,Hcn1
9.762169697861496e-9,1.1120998911132727,0.493,0.305,1.2583436740543468e-4,3,Mrtfb
5.5549728129039286e-8,1.340824233932108,0.279,0.119,7.160359955833164e-4,3,LOC120098483
7.186807867039613e-8,1.380583435877553,0.324,0.158,9.263795340614062e-4,3,Mbnl1
8.055847987334486e-8,0.8644859871429311,0.669,0.485,0.0010383988055674153,3,Grid1
8.849520373097913e-8,1.7075178049115005,0.25,0.106,0.001140703176092321,3,Ptk2b
1.1500922633258696e-7,1.3151995476921572,0.324,0.155,0.001482468927427046,3,Npas2
1.2248956662593545e-7,0.9037956979045028,0.64,0.458,0.001578890513808308,3,Usp29
2.2477975844051857e-7,0.7586808143044608,0.662,0.518,0.0028974110862982844,3,Cacna1e
3.7404628795020857e-7,1.1598510558693833,0.397,0.222,0.004821456651678189,3,Nr3c2
4.881825021256645e-7,1.2508635962123729,0.368,0.206,0.0062926724523998155,3,Cers6
6.623787139538022e-7,1.163808111801564,0.449,0.277,0.00853806162286451,3,Rapgef4
8.739842594688087e-7,1.0663323274780345,0.368,0.201,0.011265657104552945,3,Rfx3
9.093213032232261e-7,0.8452518547953942,0.5,0.323,0.011721151598547384,3,Mctp1
1.1367505007295995e-6,1.2534465472390066,0.382,0.221,0.014652713954404538,3,Ptprr
1.347966923842023e-6,1.0710684804900161,0.485,0.311,0.017375293648323676,3,Tmem132d
1.3677293920710044e-6,0.6120117113750543,0.779,0.655,0.017630031863795248,3,Map2
1.9397915499847476e-6,1.1799038168696039,0.294,0.147,0.025003913079303396,3,Zswim6
3.3158837106498037e-6,0.48523796551441833,0.816,0.729,0.04274174103027597,3,Grm5
4.388750933658677e-6,0.5655392744595753,0.787,0.681,0.056570999534860354,3,Schip1
5.444289108529019e-6,0.7665756799132111,0.537,0.384,0.07017688660893906,3,Lrrtm3
8.28890133324561e-6,0.4602825945398106,0.846,0.752,0.1068439381855359,3,Auts2
1.181752656999327e-5,0.44124233092323895,0.824,0.706,0.15232791748721325,3,Negr1
1.3202401301923224e-5,1.1252586579615231,0.368,0.23,0.17017895278179035,3,Tiam1
1.343487640674623e-5,1.1311231056925233,0.338,0.197,0.1731755568829589,3,Pde8b
1.4811387220288712e-5,1.00462819458903,0.412,0.263,0.1909187812695215,3,Trerf1
1.4948625304167418e-5,1.0021107951549173,0.353,0.201,0.19268778017071803,3,Kctd8
1.801867408427056e-5,0.6109899618280781,0.618,0.441,0.2322607089462475,3,Cacnb2
2.2869027261126693e-5,1.1054317923073163,0.338,0.204,0.29478176139592305,3,Dtnb
2.5895137925976913e-5,0.6068815826576053,0.529,0.366,0.3337883278658424,3,Plcl1
3.0574209034748165e-5,0.36862035883494393,0.904,0.817,0.39410155445790385,3,Syt1
5.419931652284882e-5,1.0459928741489932,0.419,0.291,0.6986291899795213,3,Mtus2
7.750126796334024e-5,0.7405153410935386,0.434,0.3,0.9989913440474557,3,Ssbp2
8.290460610947848e-5,0.9085215435348988,0.404,0.262,1,3,Fstl4
1.1150410595974714e-4,0.5258715423682783,0.669,0.563,1,3,Tmem178b
1.183486348154342e-4,0.7106860862369913,0.493,0.356,1,3,Dscaml1
1.3455293074255098e-4,0.4920240259628552,0.757,0.628,1,3,Ptprn2
1.4222332927638342e-4,0.5992251711630936,0.61,0.502,1,3,Marchf1
1.4632135739712165e-4,0.41171806162702884,0.721,0.573,1,3,Kazn
1.6693987504565945e-4,0.8317813068588251,0.294,0.17,1,3,Ralgdsl1
1.742349841067684e-4,0.5010263093006393,0.706,0.644,1,3,Erc2
1.8893840193551096e-4,0.31883544903271055,0.904,0.819,1,3,Celf2
2.1527059863690246e-4,0.5217563964198462,0.581,0.448,1,3,Sgcd
2.457369250835311e-4,0.7871045624271213,0.346,0.217,1,3,Cmip
2.5353536110343566e-4,0.35829462436912163,0.787,0.654,1,3,LOC120100931
3.355853277526134e-4,0.794031606120027,0.522,0.417,1,3,Cdh12
3.700504092734275e-4,0.9740463472916052,0.257,0.147,1,3,Sdk2
3.7887399685068495e-4,0.7225622232124267,0.485,0.362,1,3,Slc24a3
4.1320839947044346e-4,1.0029826745950206,0.279,0.169,1,3,Elmod1
4.214079659447043e-4,1.067824732675389,0.287,0.18,1,3,Rps6ka2
5.37333954928292e-4,0.3137111655043414,0.89,0.842,1,3,Anks1b
5.719122523007323e-4,0.785639666880511,0.456,0.335,1,3,Pde1a
7.70774561530791e-4,0.9617784449369908,0.257,0.155,1,3,Eml5
8.688585613718256e-4,0.7265525423684538,0.301,0.19,1,3,Tmem130
0.0014952724810783024,0.7307683566210204,0.39,0.286,1,3,Sez6l
0.00155991079374825,0.8089430939943236,0.375,0.272,1,3,Csrnp3
0.002198960928051368,0.4467360880229334,0.64,0.548,1,3,Dgkb
0.002385969534724056,0.7655954399616989,0.294,0.196,1,3,Bach2
0.002450225352883563,0.5206294447264734,0.434,0.313,1,3,Meis2
0.002878407788790751,0.7685699864679687,0.324,0.228,1,3,Gramd1b
0.0031355436691432965,0.4483809974896271,0.574,0.493,1,3,Ppp3ca
0.004557697697811771,0.8781642014541706,0.375,0.286,1,3,Akap9
0.0050980446533978804,0.7268127952717844,0.301,0.208,1,3,Plxna2
0.00523670918238023,0.4704693559942692,0.272,0.175,1,3,Alk
0.005236719258342842,0.41593887282084685,0.529,0.43,1,3,Otud7a
0.006194760420587893,0.577390021732187,0.419,0.331,1,3,Ldb2
0.006681496964699978,0.7479214405203938,0.375,0.293,1,3,Adam23
0.006904047361750622,0.5050759588503992,0.515,0.424,1,3,Cacna1d
0.007101268471287128,0.6258538803404434,0.25,0.162,1,3,Ahcyl2
0.008542238784020419,0.4554835545288971,0.603,0.53,1,3,Cadm1
0.008972946916412847,0.7704402940217848,0.25,0.167,1,3,Arhgef11
0.009328635191209671,0.5442694807657,0.375,0.285,1,3,Sash1
0.009420198657638035,0.6884437920957012,0.331,0.241,1,3,Nhs
1.1244394255119415e-101,5.038217658780825,0.667,0.051,1.4494024194848927e-97,2,Maf
7.762793668609818e-49,4.880026082605186,0.289,0.017,1.0006241038838055e-44,2,Egfr
6.152510026849953e-47,2.8293612700495028,0.822,0.239,7.93058542460959e-43,2,Nxph1
3.950223836466829e-46,2.6233288510004122,0.878,0.271,5.0918385252057426e-42,2,Tcf4
1.3871618179530463e-42,3.0957990778045232,0.533,0.086,1.7880515833414766e-38,2,Sox6
1.9939246532981584e-33,2.189450855523367,0.922,0.646,2.570168878101326e-29,2,Grip1
5.310446776795846e-30,3.041973911054714,0.444,0.085,6.845165895289846e-26,2,Kcnmb2
2.463498198007432e-28,2.2750893122512377,0.833,0.415,3.17544917723158e-24,2,Erbb4
2.980497992015812e-24,2.8302269389373977,0.433,0.099,3.8418619117083817e-20,2,Zfp536
6.553346445391262e-18,1.513794851164473,0.833,0.58,8.447263568109336e-14,2,Xkr4
1.9484014419152608e-15,1.8453420371335356,0.5,0.181,2.5114894586287713e-11,2,Kcnip1
2.8595681259548927e-14,1.2956514892108562,0.811,0.532,3.6859833143558566e-10,2,Gria4
7.255245090318588e-14,0.9790465168312386,0.933,0.733,9.35201092142066e-10,2,Dlgap1
1.4859172474779992e-13,1.7427152292234063,0.478,0.176,1.9153473319991408e-9,2,Zeb2
6.997981892455609e-13,2.6781887590640894,0.467,0.198,9.02039865937528e-9,2,Il1rapl2
3.1589651515628413e-12,2.0625516798283314,0.333,0.1,4.071906080364502e-8,2,LOC108350387
5.895810324219549e-12,0.7371571242089754,0.989,0.912,7.599699507918998e-8,2,Nrxn3
7.842715200273416e-11,1.9308455546937955,0.4,0.162,1.0109259893152433e-6,2,Myo16
1.8510893217074073e-10,1.452620266060788,0.644,0.384,2.386054135680848e-6,2,Ptprt
2.2851079723500062e-10,1.145476788264352,0.733,0.507,2.945504176359158e-6,2,Dlgap2
7.227080231440359e-10,1.5787110101167112,0.478,0.229,9.315706418326622e-6,2,Pam
1.6233898123440273e-9,1.7919829804729215,0.333,0.122,2.0925494681114512e-5,2,Synpr
2.397821872160403e-9,2.0254289708286644,0.333,0.128,3.0907923932147594e-5,2,Plppr1
3.607732808682247e-8,1.4531490716155784,0.467,0.252,4.6503675903914165e-4,2,Etl4
1.3536058160890997e-7,1.4037161643876241,0.556,0.339,0.0017447978969388496,2,Kcnc2
2.161724576171907e-7,1.096032793969266,0.6,0.375,0.002786462978685588,2,Rbms3
3.595511508044258e-7,0.6334311765982781,0.933,0.796,0.004634614333869049,2,Robo2
8.429102771124381e-7,1.6725864454507944,0.289,0.117,0.010865113471979328,2,Trhde
1.0367846012828388e-6,0.9369304608160647,0.756,0.601,0.013364153510535793,2,Kirrel3
1.3476669708351807e-6,1.1345234728933087,0.689,0.533,0.01737142725406548,2,Ppargc1a
2.646852039469338e-6,0.8659525077955799,0.611,0.397,0.03411792278875977,2,LOC103691527
4.130493471786322e-6,1.5482461574523239,0.433,0.259,0.05324206085132569,2,Tafa2
5.417933602267397e-6,0.989864646186672,0.6,0.422,0.06983716413322676,2,Pcdh15
5.7016429281378415e-6,1.1918990028688197,0.511,0.331,0.07349417734369677,2,Ptprm
7.373277243934837e-6,0.6584014445509432,0.844,0.737,0.09504154367432005,2,Gria1
1.3729360859871546e-5,1.4300912368218293,0.267,0.118,0.17697146148374424,2,Rasgrf2
1.928560218074695e-5,1.0429913186852628,0.544,0.374,0.24859141210982819,2,Gpc6
2.3352367908949473e-5,1.5206440437137632,0.289,0.144,0.3010120223463587,2,Cntnap4
2.5368830533119632e-5,1.5147941767980924,0.256,0.114,0.32700422557191205,2,Pip5k1b
3.241566244581864e-5,1.0846287635591774,0.411,0.239,0.4178378889266023,2,LOC120094326
3.911083701921589e-5,0.86103149427518,0.589,0.418,0.5041386891776928,2,Nrcam
5.390835759059428e-5,1.3703881421897415,0.278,0.132,0.6948787293427603,2,Klhl32
5.839071840915838e-5,0.4353998045533798,0.978,0.946,0.7526563602940516,2,Dlg2
7.743237380514984e-5,0.5828066868859376,0.644,0.494,0.9981032983483814,2,Syne1
8.678408297917248e-5,1.049202070638521,0.422,0.271,1,2,Atp1a3
1.270293199326117e-4,0.6212886236554471,0.756,0.606,1,2,Ntm
1.6748015968632142e-4,0.8991421162667859,0.433,0.278,1,2,Slc24a2
1.8862352273317298e-4,1.0674944113877107,0.433,0.285,1,2,Scn1a
2.487537264511231e-4,0.4704355649007965,0.822,0.726,1,2,Fgf12
3.0102312655125665e-4,0.43652626396946026,0.867,0.804,1,2,mt-Rnr2
4.132546087744422e-4,0.9017864218103862,0.389,0.241,1,2,Nhs
4.299896446170927e-4,0.8794073418907495,0.489,0.336,1,2,Gria3
4.7560751359829124e-4,0.83842222788972,0.5,0.359,1,2,Dscaml1
5.110925449405539e-4,1.226987858349042,0.356,0.225,1,2,Prkca
5.979996101311463e-4,0.7662851726127409,0.4,0.24,1,2,Zfp385d
9.731430576866637e-4,0.4342895899358794,0.944,0.903,1,2,Csmd1
0.0010035428831892726,0.8584613124647396,0.522,0.397,1,2,Frmd5
0.0010955899927118874,0.6702263872646244,0.467,0.311,1,2,Klf12
0.001672492681240718,0.5487562382288753,0.656,0.564,1,2,Epha6
0.001814724231831938,1.3565373132527117,0.278,0.168,1,2,Rgs7bp
0.0018712177353352104,0.7676033358463101,0.522,0.421,1,2,Oxr1
0.0022518312287443326,0.9942423048857161,0.589,0.489,1,2,Galntl6
0.002383480048062899,0.930233501975356,0.322,0.196,1,2,Spag9
0.002422579017780658,0.7889021819333013,0.4,0.28,1,2,Aak1
0.002447866606900727,0.7460342984790707,0.511,0.398,1,2,Spock3
0.002448462029014626,0.3427539699869344,0.856,0.822,1,2,Syt1
0.0026582599681036602,1.0931448399915922,0.278,0.166,1,2,Thsd7a
0.002845975874399141,0.9775221857419174,0.289,0.176,1,2,Alk
0.002874109874611225,1.2597874363546335,0.267,0.159,1,2,Gas7
0.002906987280451378,0.6789476711727369,0.511,0.416,1,2,Slc35f1
0.0030115117956489535,0.6699940682038545,0.656,0.58,1,2,Kazn
0.003135918674576414,1.1912761322550207,0.322,0.205,1,2,Zmat4
0.0034778739212611982,0.9888353707807718,0.344,0.232,1,2,Sh3rf3
0.0037217528851082936,0.788423835003325,0.4,0.288,1,2,Sorbs1
0.00400847927672241,0.880123029852709,0.678,0.644,1,2,Tenm3
0.00451758498758041,0.8650076842047849,0.333,0.219,1,2,Chl1
0.005808273997141502,0.7498654744669027,0.278,0.17,1,2,LOC102554677
0.005824215994936366,0.6408079365692894,0.489,0.383,1,2,Enox1
0.007136155798581274,0.7693539712042217,0.367,0.256,1,2,Luzp2
0.007392522130516556,0.9864976978345439,0.211,0.387,1,2,Adarb2
0.008480856529996625,0.6191821568904639,0.367,0.258,1,2,Kcnd3
0.008661247011181678,0.6751223240031243,0.511,0.429,1,2,Plxna4
0.009056628550358633,0.8477280910423413,0.467,0.385,1,2,Unc5c
