barcode,bc1_well,bc2_well,bc3_well,nCount_RNA,nFeature_RNA,percent.mt
46_01_22,D10,A1,B10,2165,1199,0.18475750577367206
46_01_37,D10,A1,D1,1251,841,0.15987210231814547
46_01_43,D10,A1,D7,1120,718,0
46_01_45,D10,A1,D9,634,479,0.47318611987381703
46_01_50,D10,A1,E2,462,358,1.7316017316017316
46_01_72,D10,A1,F12,2777,1629,0.14404033129276198
46_01_76,D10,A1,G4,1639,1021,0.12202562538133008
46_02_47,D10,A2,D11,1279,764,0.1563721657544957
46_02_51,D10,A2,E3,1486,955,0.13458950201884254
46_02_53,D10,A2,E5,574,439,0
46_02_86,D10,A2,H2,1873,1050,0.587293112653497
46_02_92,D10,A2,H8,1030,721,0
46_03_07,D10,A3,A7,592,438,0.8445945945945946
46_03_22,D10,A3,B10,627,494,0.3189792663476874
46_03_28,D10,A3,C4,393,315,0.5089058524173028
46_03_46,D10,A3,D10,664,495,0
46_03_52,D10,A3,E4,537,417,0.5586592178770949
46_03_55,D10,A3,E7,555,446,0.5405405405405406
46_04_04,D10,A4,A4,745,549,0.4026845637583893
46_04_33,D10,A4,C9,1950,1088,0.41025641025641024
46_04_43,D10,A4,D7,421,347,4.750593824228028
46_04_44,D10,A4,D8,1319,910,0.37907505686125853
46_04_48,D10,A4,D12,573,429,0.6980802792321117
46_04_62,D10,A4,F2,730,562,0.821917808219178
46_04_70,D10,A4,F10,1139,796,0.2633889376646181
46_04_76,D10,A4,G4,1128,755,0.44326241134751776
46_04_95,D10,A4,H11,557,464,0.3590664272890485
46_05_21,D10,A5,B9,2271,1300,0.3522677234698371
46_05_43,D10,A5,D7,882,616,0.22675736961451248
46_05_48,D10,A5,D12,1118,744,0.35778175313059035
46_05_51,D10,A5,E3,1150,801,0.08695652173913043
46_05_55,D10,A5,E7,2475,1424,0.12121212121212122
46_05_67,D10,A5,F7,1926,1190,0.5192107995846313
46_05_72,D10,A5,F12,1349,875,0.2965159377316531
46_05_93,D10,A5,H9,495,395,0.6060606060606061
46_06_15,D10,A6,B3,726,501,1.9283746556473829
46_06_21,D10,A6,B9,1767,1030,0.2829654782116582
46_06_42,D10,A6,D6,1884,1130,0.10615711252653928
46_06_58,D10,A6,E10,420,326,2.619047619047619
46_06_81,D10,A6,G9,461,340,4.121475054229935
46_07_05,D10,A7,A5,994,676,2.112676056338028
46_07_20,D10,A7,B8,580,451,0.8620689655172413
46_07_32,D10,A7,C8,1756,1077,0.3986332574031891
46_07_47,D10,A7,D11,998,725,0.6012024048096193
46_07_60,D10,A7,E12,459,364,3.0501089324618738
46_08_16,D10,A8,B4,2878,1626,0.20847810979847115
46_08_32,D10,A8,C8,1090,742,0.27522935779816515
46_08_37,D10,A8,D1,1381,903,0.7965242577842143
46_08_45,D10,A8,D9,2285,1321,0.437636761487965
46_08_51,D10,A8,E3,2220,1338,0.09009009009009009
46_08_60,D10,A8,E12,2798,1454,0.25017869907076484
46_08_63,D10,A8,F3,998,642,0.30060120240480964
46_08_71,D10,A8,F11,522,400,0
46_08_96,D10,A8,H12,660,515,0.15151515151515152
46_09_07,D10,A9,A7,603,469,2.155887230514096
46_09_12,D10,A9,A12,571,405,2.626970227670753
46_09_14,D10,A9,B2,2338,1399,0.5988023952095809
46_09_31,D10,A9,C7,475,377,2.1052631578947367
46_09_39,D10,A9,D3,1073,762,0.09319664492078285
46_09_50,D10,A9,E2,548,441,0.36496350364963503
46_09_68,D10,A9,F8,640,496,0.46875
46_09_70,D10,A9,F10,1005,670,0
46_09_72,D10,A9,F12,551,419,0.5444646098003629
46_09_73,D10,A9,G1,1105,765,0
46_09_74,D10,A9,G2,421,348,2.137767220902613
46_10_13,D10,A10,B1,1854,1153,0.2696871628910464
46_10_20,D10,A10,B8,3385,1833,0.08862629246676515
46_10_22,D10,A10,B10,576,412,0.5208333333333333
46_10_37,D10,A10,D1,1663,1092,0.06013229104028864
46_10_42,D10,A10,D6,627,452,0.1594896331738437
46_10_81,D10,A10,G9,387,325,0.2583979328165375
46_10_84,D10,A10,G12,879,641,0.11376564277588168
46_11_04,D10,A11,A4,817,587,0.4895960832313341
46_11_06,D10,A11,A6,733,543,0.2728512960436562
46_11_40,D10,A11,D4,1268,857,0.15772870662460567
46_11_47,D10,A11,D11,560,460,1.0714285714285714
46_11_66,D10,A11,F6,2212,1332,0.09041591320072333
46_12_01,D10,A12,A1,1193,802,1.0896898575020955
46_12_06,D10,A12,A6,1075,749,0.09302325581395349
46_12_19,D10,A12,B7,487,380,0.41067761806981523
46_12_36,D10,A12,C12,2044,1177,0.19569471624266144
46_12_43,D10,A12,D7,567,478,0.7054673721340388
46_12_68,D10,A12,F8,1020,835,0.49019607843137253
46_12_69,D10,A12,F9,596,484,1.006711409395973
46_12_76,D10,A12,G4,573,461,0.5235602094240838
46_12_83,D10,A12,G11,1203,816,0.24937655860349126
46_13_11,D10,B1,A11,4568,2148,0.45971978984238177
46_13_35,D10,B1,C11,859,585,0.8149010477299184
46_13_54,D10,B1,E6,3859,1946,0.233221041720653
46_13_83,D10,B1,G11,1144,772,0.34965034965034963
46_13_87,D10,B1,H3,773,560,0.258732212160414
46_13_90,D10,B1,H6,821,587,0.730816077953715
46_13_93,D10,B1,H9,526,398,0
46_13_94,D10,B1,H10,1720,1071,0.05813953488372093
46_14_33,D10,B2,C9,995,676,0.7035175879396985
46_14_52,D10,B2,E4,1221,766,0.32760032760032765
46_14_78,D10,B2,G6,851,618,0.23501762632197415
46_14_80,D10,B2,G8,714,550,0.1400560224089636
46_15_11,D10,B3,A11,1099,713,0.27297543221110104
46_15_18,D10,B3,B6,913,628,0.32858707557502737
46_15_33,D10,B3,C9,1522,976,0.39421813403416556
46_15_35,D10,B3,C11,1573,952,0.6993006993006993
46_15_63,D10,B3,F3,679,498,0.5891016200294551
46_15_64,D10,B3,F4,1104,802,0.2717391304347826
46_15_67,D10,B3,F7,703,502,0.2844950213371266
46_15_84,D10,B3,G12,1611,955,0.12414649286157665
46_15_85,D10,B3,H1,611,433,1.800327332242226
46_15_96,D10,B3,H12,2335,1280,0.47109207708779444
46_16_06,D10,B4,A6,471,367,0
46_16_56,D10,B4,E8,1418,884,0.07052186177715092
46_16_67,D10,B4,F7,655,493,0.7633587786259541
46_16_82,D10,B4,G10,685,519,0.291970802919708
46_16_86,D10,B4,H2,744,572,0.4032258064516129
46_16_95,D10,B4,H11,803,630,0.9962640099626401
46_17_28,D10,B5,C4,3716,1810,0.4305705059203444
46_17_34,D10,B5,C10,580,447,0.5172413793103449
46_17_48,D10,B5,D12,548,430,0
46_17_84,D10,B5,G12,1728,1078,0.28935185185185186
46_18_22,D10,B6,B10,1972,1179,0.35496957403651114
46_18_35,D10,B6,C11,971,676,0.30895983522142123
46_18_36,D10,B6,C12,447,357,0
46_18_38,D10,B6,D2,747,532,0.13386880856760375
46_18_42,D10,B6,D6,1133,748,0.264783759929391
46_18_46,D10,B6,D10,1163,757,0
46_18_75,D10,B6,G3,664,506,3.1626506024096384
46_18_85,D10,B6,H1,564,406,6.382978723404255
46_18_91,D10,B6,H7,1605,1007,0.3738317757009346
46_19_16,D10,B7,B4,1999,1181,0.400200100050025
46_19_42,D10,B7,D6,722,528,0.13850415512465375
46_19_51,D10,B7,E3,865,643,0
46_19_52,D10,B7,E4,694,523,1.1527377521613833
46_19_62,D10,B7,F2,1052,723,0.19011406844106463
46_19_63,D10,B7,F3,2068,1119,0.09671179883945842
46_19_78,D10,B7,G6,1925,1186,0.2077922077922078
46_19_82,D10,B7,G10,432,359,0.6944444444444444
46_19_91,D10,B7,H7,604,462,0
46_20_42,D10,B8,D6,811,591,0.7398273736128237
46_20_56,D10,B8,E8,1370,915,0.291970802919708
46_20_58,D10,B8,E10,2102,1195,0.19029495718363465
46_20_79,D10,B8,G7,1554,1081,0.19305019305019305
46_20_84,D10,B8,G12,1966,1193,0.508646998982706
46_20_88,D10,B8,H4,1937,1164,0.2581311306143521
46_21_33,D10,B9,C9,967,689,0.6204756980351602
46_21_66,D10,B9,F6,889,655,1.0123734533183353
46_21_73,D10,B9,G1,1016,675,0.09842519685039369
46_21_80,D10,B9,G8,884,610,0.11312217194570137
46_21_90,D10,B9,H6,2599,1506,0.19238168526356292
46_22_05,D10,B10,A5,790,622,0.25316455696202533
46_22_23,D10,B10,B11,2270,1276,0.2643171806167401
46_22_40,D10,B10,D4,1058,701,0.6616257088846881
46_22_49,D10,B10,E1,1067,765,0.37488284910965325
46_22_86,D10,B10,H2,897,609,0
46_22_89,D10,B10,H5,535,398,2.2429906542056073
46_23_07,D10,B11,A7,1052,739,0.28517110266159695
46_23_11,D10,B11,A11,735,565,1.6326530612244898
46_23_55,D10,B11,E7,1284,759,1.0124610591900312
46_23_70,D10,B11,F10,537,443,0.37243947858473
46_23_96,D10,B11,H12,645,476,0.7751937984496124
46_24_04,D10,B12,A4,1368,917,0.14619883040935672
46_24_08,D10,B12,A8,1987,1111,0.050327126321087066
46_24_34,D10,B12,C10,483,385,0.4140786749482402
46_24_50,D10,B12,E2,1064,699,0.28195488721804507
46_24_52,D10,B12,E4,1984,1147,1.7641129032258067
46_24_62,D10,B12,F2,2088,1248,0.28735632183908044
46_25_24,D10,C1,B12,582,438,0.3436426116838488
46_25_29,D10,C1,C5,1014,714,0.09861932938856016
46_25_32,D10,C1,C8,578,459,0.34602076124567477
46_25_49,D10,C1,E1,451,348,0.4434589800443459
46_25_63,D10,C1,F3,597,436,0.33500837520938026
46_25_85,D10,C1,H1,828,553,0
46_25_90,D10,C1,H6,579,449,0.3454231433506045
46_25_91,D10,C1,H7,526,388,0.38022813688212925
46_26_08,D10,C2,A8,518,433,0.5791505791505791
46_26_31,D10,C2,C7,603,474,0.16583747927031509
46_26_76,D10,C2,G4,1573,938,0.12714558169103624
46_26_82,D10,C2,G10,1152,758,0.4340277777777778
46_26_94,D10,C2,H10,608,459,2.138157894736842
46_27_08,D10,C3,A8,3077,1563,0.29249268768280795
46_27_13,D10,C3,B1,816,569,0.49019607843137253
46_27_18,D10,C3,B6,375,299,4
46_27_24,D10,C3,B12,836,599,0.5980861244019139
46_27_31,D10,C3,C7,1975,1106,0.10126582278481014
46_27_46,D10,C3,D10,2372,1354,0.96964586846543
46_27_58,D10,C3,E10,1923,1134,0.46801872074883
46_27_62,D10,C3,F2,1622,1044,1.4180024660912454
46_27_69,D10,C3,F9,595,436,0
46_27_87,D10,C3,H3,535,419,0
46_27_89,D10,C3,H5,855,637,0.5847953216374269
46_28_02,D10,C4,A2,641,506,0.15600624024961
46_28_05,D10,C4,A5,3185,1627,0.25117739403453687
46_28_11,D10,C4,A11,2606,1313,0.23023791250959325
46_28_21,D10,C4,B9,493,426,0.8113590263691683
46_28_22,D10,C4,B10,2247,1243,0.7565643079661771
46_28_23,D10,C4,B11,1233,838,0.08110300081103002
46_28_36,D10,C4,C12,2240,1256,0.13392857142857142
46_28_62,D10,C4,F2,1148,839,0.2613240418118467
46_28_84,D10,C4,G12,1344,905,0.4464285714285714
46_29_03,D10,C5,A3,998,647,0.1002004008016032
46_29_10,D10,C5,A10,1229,831,0.24410089503661514
46_29_26,D10,C5,C2,1261,791,0.47581284694686754
46_29_29,D10,C5,C5,854,649,0.117096018735363
46_29_31,D10,C5,C7,424,354,1.179245283018868
46_29_39,D10,C5,D3,824,599,0.48543689320388345
46_29_41,D10,C5,D5,1779,1071,0.5059021922428331
46_29_42,D10,C5,D6,512,424,0.390625
46_29_46,D10,C5,D10,3182,1767,0.15713387806411064
46_29_51,D10,C5,E3,924,680,0.10822510822510822
46_29_55,D10,C5,E7,554,429,0.36101083032490977
46_29_75,D10,C5,G3,2662,1469,0.33809166040571
46_30_14,D10,C6,B2,593,451,0.16863406408094433
46_31_12,D10,C7,A12,1773,1064,1.071630005640158
46_31_24,D10,C7,B12,1060,732,0.09433962264150944
46_31_45,D10,C7,D9,894,659,1.006711409395973
46_31_52,D10,C7,E4,478,383,0.20920502092050208
46_31_60,D10,C7,E12,1252,823,0.23961661341853036
46_31_61,D10,C7,F1,1074,713,0.27932960893854747
46_31_62,D10,C7,F2,525,393,0.19047619047619047
46_31_64,D10,C7,F4,427,352,1.639344262295082
46_31_68,D10,C7,F8,2137,1256,0.28076743097800655
46_31_70,D10,C7,F10,1587,946,0.315059861373661
46_31_84,D10,C7,G12,371,317,0.8086253369272237
46_31_93,D10,C7,H9,2029,1121,0.04928536224741252
46_31_96,D10,C7,H12,2095,1243,0.42959427207637235
46_32_21,D10,C8,B9,2918,1637,0.1028101439342015
46_32_28,D10,C8,C4,1137,754,0.3518029903254178
46_32_53,D10,C8,E5,1068,741,0.09363295880149813
46_32_56,D10,C8,E8,1876,1059,0.15991471215351813
46_32_67,D10,C8,F7,656,517,0
46_32_78,D10,C8,G6,579,461,1.7271157167530224
46_32_83,D10,C8,G11,483,389,0
46_32_87,D10,C8,H3,1379,903,0.43509789702683105
46_32_90,D10,C8,H6,667,497,1.3493253373313343
46_32_91,D10,C8,H7,3590,1997,0.4735376044568245
46_32_96,D10,C8,H12,923,663,0.6500541711809318
46_33_18,D10,C9,B6,579,420,1.8998272884283247
46_33_44,D10,C9,D8,613,474,0.1631321370309951
46_33_54,D10,C9,E6,959,691,0.7299270072992701
46_33_62,D10,C9,F2,367,321,0.2724795640326975
46_33_64,D10,C9,F4,390,340,1.0256410256410255
46_33_75,D10,C9,G3,391,327,0.7672634271099744
46_33_81,D10,C9,G9,961,723,0.10405827263267431
46_33_83,D10,C9,G11,1344,874,0.744047619047619
46_33_91,D10,C9,H7,580,425,1.5517241379310345
46_34_02,D10,C10,A2,2148,1159,0.186219739292365
46_34_18,D10,C10,B6,915,619,0.1092896174863388
46_34_26,D10,C10,C2,430,339,0
46_34_72,D10,C10,F12,549,420,0.36429872495446264
46_34_80,D10,C10,G8,982,675,0.6109979633401221
46_34_93,D10,C10,H9,628,474,2.547770700636943
46_34_96,D10,C10,H12,1183,847,0.08453085376162299
46_35_12,D10,C11,A12,517,410,0.19342359767891684
46_35_27,D10,C11,C3,1726,1109,0.17381228273464658
46_35_56,D10,C11,E8,522,405,0.7662835249042145
46_35_84,D10,C11,G12,529,428,1.5122873345935728
46_35_86,D10,C11,H2,2507,1418,0.23932987634623054
46_36_04,D10,C12,A4,867,632,0.6920415224913495
46_36_05,D10,C12,A5,2229,1220,0.5383580080753702
46_36_19,D10,C12,B7,750,520,0.6666666666666667
46_36_47,D10,C12,D11,391,330,0
46_36_54,D10,C12,E6,1077,744,0.4642525533890436
46_36_86,D10,C12,H2,775,589,0.5161290322580645
46_37_17,D10,D1,B5,949,675,0
46_37_33,D10,D1,C9,1239,799,0.16142050040355124
46_37_60,D10,D1,E12,468,343,0.2136752136752137
46_38_16,D10,D2,B4,627,465,0.1594896331738437
46_38_40,D10,D2,D4,757,545,0
46_38_44,D10,D2,D8,777,561,0.2574002574002574
46_38_54,D10,D2,E6,1703,991,0.5871990604815032
46_38_68,D10,D2,F8,1453,937,0.20646937370956642
46_38_96,D10,D2,H12,936,655,0.8547008547008548
46_39_11,D10,D3,A11,2459,1354,0.5286701911346076
46_39_17,D10,D3,B5,2742,1305,0.03646973012399708
46_39_18,D10,D3,B6,457,328,0.437636761487965
46_39_27,D10,D3,C3,5565,2373,0.12578616352201258
46_39_43,D10,D3,D7,652,489,0.7668711656441718
46_39_48,D10,D3,D12,739,564,0.2706359945872801
46_39_53,D10,D3,E5,2469,1448,0.6480356419603078
46_39_67,D10,D3,F7,1379,924,0.5076142131979695
46_39_74,D10,D3,G2,1164,767,0.0859106529209622
46_39_96,D10,D3,H12,809,563,0.3708281829419036
46_40_03,D10,D4,A3,389,318,1.2853470437017995
46_40_05,D10,D4,A5,806,574,1.6129032258064515
46_40_19,D10,D4,B7,1237,836,0.16168148746968472
46_40_24,D10,D4,B12,1489,956,0.2686366689053056
46_40_39,D10,D4,D3,2255,1235,0
46_40_48,D10,D4,D12,1001,720,0
46_40_60,D10,D4,E12,468,402,0.641025641025641
46_40_63,D10,D4,F3,348,302,0.5747126436781609
46_40_67,D10,D4,F7,1563,955,0
46_40_83,D10,D4,G11,995,689,0.20100502512562815
46_40_96,D10,D4,H12,954,695,0.5241090146750524
46_41_04,D10,D5,A4,671,511,0.7451564828614009
46_41_06,D10,D5,A6,1211,759,0.5780346820809248
46_41_44,D10,D5,D8,761,551,0.1314060446780552
46_41_59,D10,D5,E11,1040,719,0.4807692307692308
46_41_86,D10,D5,H2,863,607,0.5793742757821553
46_42_21,D10,D6,B9,478,364,1.2552301255230125
46_42_25,D10,D6,C1,2186,1350,0.41171088746569073
46_42_45,D10,D6,D9,954,622,0.20964360587002098
46_42_81,D10,D6,G9,732,533,1.366120218579235
46_42_82,D10,D6,G10,546,406,1.098901098901099
46_42_93,D10,D6,H9,1199,849,0.5004170141784821
46_42_96,D10,D6,H12,2908,1539,0.30949105914718017
46_43_28,D10,D7,C4,735,540,0.13605442176870747
46_43_37,D10,D7,D1,600,456,0.16666666666666669
46_43_39,D10,D7,D3,1238,834,0.24232633279483037
46_43_41,D10,D7,D5,789,546,0.12674271229404308
46_43_48,D10,D7,D12,551,450,0.18148820326678766
46_43_82,D10,D7,G10,565,434,0.7079646017699115
46_43_92,D10,D7,H8,556,443,0.3597122302158274
46_44_24,D10,D8,B12,834,617,0.4796163069544364
46_44_28,D10,D8,C4,530,424,0
46_44_33,D10,D8,C9,1024,729,0.390625
46_44_35,D10,D8,C11,624,466,0.16025641025641024
46_44_40,D10,D8,D4,918,632,0.10893246187363835
46_44_52,D10,D8,E4,1329,817,0.07524454477050413
46_45_21,D10,D9,B9,662,502,0.6042296072507553
46_45_77,D10,D9,G5,462,375,0.4329004329004329
46_45_78,D10,D9,G6,391,297,0.7672634271099744
46_46_18,D10,D10,B6,1116,769,0.6272401433691757
46_46_23,D10,D10,B11,863,610,0.2317497103128621
46_46_31,D10,D10,C7,1127,707,0.1774622892635315
46_46_33,D10,D10,C9,905,664,1.2154696132596685
46_46_63,D10,D10,F3,1383,900,0.7230657989877078
46_46_89,D10,D10,H5,1502,923,0.06657789613848203
46_47_03,D10,D11,A3,780,545,0.38461538461538464
46_47_05,D10,D11,A5,775,552,0.6451612903225806
46_47_48,D10,D11,D12,2796,1455,0.28612303290414876
46_47_50,D10,D11,E2,355,301,0.28169014084507044
46_47_83,D10,D11,G11,1603,986,0.3119151590767312
46_47_93,D10,D11,H9,378,301,0.26455026455026454
46_48_18,D10,D12,B6,2181,1406,0.1375515818431912
46_48_20,D10,D12,B8,662,480,0.6042296072507553
46_48_31,D10,D12,C7,1405,889,0.0711743772241993
46_48_34,D10,D12,C10,4044,2010,0.2472799208704253
46_48_39,D10,D12,D3,1229,824,0.4882017900732303
46_48_54,D10,D12,E6,942,719,0.42462845010615713
46_48_68,D10,D12,F8,1542,995,0.25940337224383914
46_48_69,D10,D12,F9,575,434,0
46_48_77,D10,D12,G5,8074,3285,0.1857815209313847
46_48_79,D10,D12,G7,2739,1503,0.4746257758305951
46_48_84,D10,D12,G12,393,340,1.2722646310432568
46_49_08,D10,E1,A8,412,322,1.4563106796116505
46_49_31,D10,E1,C7,594,472,0.5050505050505051
46_49_43,D10,E1,D7,482,393,0.8298755186721992
46_49_51,D10,E1,E3,1213,820,0.24732069249793898
46_49_53,D10,E1,E5,539,433,0.7421150278293136
46_49_73,D10,E1,G1,414,332,0.24154589371980675
46_49_76,D10,E1,G4,912,655,0.5482456140350876
46_49_88,D10,E1,H4,634,471,0.7886435331230284
46_49_92,D10,E1,H8,590,429,1.0169491525423728
46_50_03,D10,E2,A3,1736,1104,0.3456221198156682
46_50_22,D10,E2,B10,1407,888,0.28429282160625446
46_50_31,D10,E2,C7,875,624,0.6857142857142857
46_50_33,D10,E2,C9,1538,928,0.26007802340702213
46_50_40,D10,E2,D4,546,462,0.7326007326007326
46_50_93,D10,E2,H9,623,468,1.7656500802568218
46_51_29,D10,E3,C5,3418,1751,0.3803393797542422
46_51_32,D10,E3,C8,431,338,0.46403712296983757
46_51_59,D10,E3,E11,480,397,0.20833333333333334
46_51_62,D10,E3,F2,709,520,0.2820874471086037
46_51_71,D10,E3,F11,564,449,1.0638297872340425
46_52_06,D10,E4,A6,441,365,0.45351473922902497
46_52_19,D10,E4,B7,497,381,0
46_52_27,D10,E4,C3,838,599,0.47732696897374705
46_52_31,D10,E4,C7,871,623,0.5740528128587831
46_52_32,D10,E4,C8,2200,1268,0.5454545454545455
46_52_37,D10,E4,D1,1153,770,0.17346053772766695
46_52_48,D10,E4,D12,1153,761,0.26019080659150046
46_52_60,D10,E4,E12,585,469,0.3418803418803419
46_52_64,D10,E4,F4,2350,1237,0.1276595744680851
46_52_75,D10,E4,G3,597,467,1.0050251256281406
46_53_08,D10,E5,A8,550,420,0
46_53_09,D10,E5,A9,539,417,0.1855287569573284
46_53_16,D10,E5,B4,714,506,0.42016806722689076
46_53_26,D10,E5,C2,543,429,0.5524861878453038
46_53_27,D10,E5,C3,508,407,0.5905511811023622
46_53_34,D10,E5,C10,667,513,0.4497751124437781
46_53_46,D10,E5,D10,690,532,0.5797101449275363
46_53_84,D10,E5,G12,1718,1014,0.2910360884749709
46_53_87,D10,E5,H3,961,676,0.10405827263267431
46_54_06,D10,E6,A6,926,685,0.4319654427645789
46_54_18,D10,E6,B6,1009,700,0.19821605550049554
46_54_46,D10,E6,D10,482,398,0.6224066390041494
46_54_52,D10,E6,E4,500,403,0.2
46_54_62,D10,E6,F2,1196,834,0.7525083612040134
46_54_76,D10,E6,G4,677,522,0.29542097488921715
46_54_81,D10,E6,G9,1131,793,0.3536693191865605
46_54_91,D10,E6,H7,1742,1021,0.3444316877152698
46_54_92,D10,E6,H8,720,531,0.1388888888888889
46_55_15,D10,E7,B3,2106,1348,0.23741690408357075
46_55_90,D10,E7,H6,391,317,2.3017902813299234
46_56_06,D10,E8,A6,1529,954,0.1962066710268149
46_56_16,D10,E8,B4,1205,801,0.33195020746887965
46_56_21,D10,E8,B9,2347,1194,0.4686834256497656
46_56_27,D10,E8,C3,1202,800,0.4159733777038269
46_56_44,D10,E8,D8,1297,850,0.5397070161912104
46_56_65,D10,E8,F5,500,392,0.4
46_56_69,D10,E8,F9,4628,2178,0.1512532411408816
46_56_79,D10,E8,G7,1257,848,0.23866348448687352
46_56_92,D10,E8,H8,1208,792,0.08278145695364239
46_56_96,D10,E8,H12,1211,812,0.2477291494632535
46_57_19,D10,E9,B7,889,587,0.11248593925759282
46_57_24,D10,E9,B12,351,298,0.2849002849002849
46_57_37,D10,E9,D1,637,484,1.2558869701726845
46_57_42,D10,E9,D6,964,660,0.4149377593360996
46_57_51,D10,E9,E3,1692,1057,0.29550827423167847
46_57_64,D10,E9,F4,1111,696,0.18001800180018002
46_57_67,D10,E9,F7,1229,788,0.16273393002441008
46_58_03,D10,E10,A3,1857,1071,0.2154011847065159
46_58_06,D10,E10,A6,1241,805,0.32232070910556004
46_58_23,D10,E10,B11,1144,830,0.34965034965034963
46_58_39,D10,E10,D3,1692,1059,0
46_58_49,D10,E10,E1,625,460,0.32
46_58_54,D10,E10,E6,3121,1749,0.3844921499519385
46_58_56,D10,E10,E8,1602,1005,0.37453183520599254
46_58_87,D10,E10,H3,1769,1043,0.22611644997173544
46_59_32,D10,E11,C8,929,621,0.1076426264800861
46_59_49,D10,E11,E1,427,311,5.620608899297424
46_59_64,D10,E11,F4,996,704,0.4016064257028112
46_59_75,D10,E11,G3,1899,1153,0.105318588730911
46_59_76,D10,E11,G4,2150,1302,0.37209302325581395
46_59_84,D10,E11,G12,1509,972,0.46388336646785955
46_60_03,D10,E12,A3,718,545,0.1392757660167131
46_60_06,D10,E12,A6,558,394,0.7168458781362007
46_60_11,D10,E12,A11,507,404,0.39447731755424065
46_60_16,D10,E12,B4,601,475,0.49916805324459235
46_60_20,D10,E12,B8,669,497,0.14947683109118087
46_60_42,D10,E12,D6,996,713,0.30120481927710846
46_60_52,D10,E12,E4,498,380,1.6064257028112447
46_60_76,D10,E12,G4,548,411,0.9124087591240875
46_60_79,D10,E12,G7,398,327,0.25125628140703515
46_60_88,D10,E12,H4,731,579,0.27359781121751026
46_61_09,D10,F1,A9,1046,710,0.47801147227533464
46_61_28,D10,F1,C4,352,309,0.2840909090909091
46_61_30,D10,F1,C6,1314,855,0.380517503805175
46_61_38,D10,F1,D2,769,511,0.26007802340702213
46_61_65,D10,F1,F5,424,332,2.358490566037736
46_61_68,D10,F1,F8,890,618,0.22471910112359553
46_61_81,D10,F1,G9,919,640,1.7410228509249184
46_62_15,D10,F2,B3,2015,1227,0.19851116625310172
46_62_34,D10,F2,C10,773,539,0.517464424320828
46_62_59,D10,F2,E11,1207,802,0.33140016570008285
46_62_74,D10,F2,G2,925,628,0.10810810810810811
46_62_84,D10,F2,G12,1183,781,0.760777683854607
46_63_07,D10,F3,A7,903,674,0.9966777408637874
46_63_14,D10,F3,B2,577,462,0.5199306759098787
46_63_38,D10,F3,D2,375,320,0.26666666666666666
46_63_43,D10,F3,D7,422,342,0.23696682464454977
46_63_60,D10,F3,E12,1866,1079,0.964630225080386
46_63_64,D10,F3,F4,2474,1476,0.5254648342764754
46_63_66,D10,F3,F6,1201,826,0.33305578684429643
46_63_88,D10,F3,H4,786,584,1.1450381679389312
46_63_89,D10,F3,H5,1488,914,0.2688172043010753
46_64_11,D10,F4,A11,368,299,0
46_64_23,D10,F4,B11,1261,837,0.8723235527359239
46_64_27,D10,F4,C3,507,381,2.9585798816568047
46_64_33,D10,F4,C9,1742,989,0.4018369690011481
46_64_59,D10,F4,E11,439,377,0.9111617312072893
46_64_84,D10,F4,G12,847,634,0.9445100354191263
46_65_17,D10,F5,B5,1110,692,0.18018018018018017
46_65_28,D10,F5,C4,1280,854,0.390625
46_65_30,D10,F5,C6,773,533,0.258732212160414
46_65_56,D10,F5,E8,695,511,0.4316546762589928
46_65_60,D10,F5,E12,949,647,0.21074815595363539
46_65_71,D10,F5,F11,913,682,0.21905805038335158
46_65_84,D10,F5,G12,535,439,2.2429906542056073
46_65_92,D10,F5,H8,351,292,0.5698005698005698
46_65_93,D10,F5,H9,1976,1183,0.20242914979757085
46_66_15,D10,F6,B3,1062,733,0.3766478342749529
46_66_16,D10,F6,B4,1216,767,0.1644736842105263
46_66_47,D10,F6,D11,902,630,0.22172949002217296
46_66_60,D10,F6,E12,624,474,0.4807692307692308
46_66_90,D10,F6,H6,1118,784,0.8944543828264758
46_66_91,D10,F6,H7,934,666,0.10706638115631692
46_67_22,D10,F7,B10,746,527,0.2680965147453083
46_67_38,D10,F7,D2,2524,1408,0.19809825673534073
46_67_62,D10,F7,F2,1232,835,0.5681818181818182
46_67_71,D10,F7,F11,1243,773,0.08045052292839903
46_67_80,D10,F7,G8,1462,891,0.13679890560875513
46_67_95,D10,F7,H11,503,377,0
46_68_02,D10,F8,A2,640,466,0.15625
46_68_12,D10,F8,A12,2124,1159,0.18832391713747645
46_68_70,D10,F8,F10,413,345,0.24213075060532688
46_68_92,D10,F8,H8,2670,1413,0.0749063670411985
46_69_06,D10,F9,A6,724,547,0.2762430939226519
46_69_16,D10,F9,B4,901,646,0.22197558268590456
46_69_33,D10,F9,C9,1096,773,0.2737226277372263
46_69_36,D10,F9,C12,1228,801,0.4885993485342019
46_69_50,D10,F9,E2,1033,691,0.7744433688286544
46_69_66,D10,F9,F6,1226,882,0.40783034257748774
46_69_68,D10,F9,F8,1088,713,0.1838235294117647
46_69_88,D10,F9,H4,2382,1257,0.16792611251049538
46_69_96,D10,F9,H12,460,379,1.0869565217391304
46_70_04,D10,F10,A4,1530,1005,1.5686274509803921
46_70_09,D10,F10,A9,682,502,1.1730205278592376
46_70_27,D10,F10,C3,426,342,0.2347417840375587
46_70_33,D10,F10,C9,1568,1008,0.701530612244898
46_70_39,D10,F10,D3,1964,1219,0.30549898167006106
46_70_48,D10,F10,D12,848,656,0.1179245283018868
46_70_51,D10,F10,E3,946,665,0.3171247357293869
46_70_67,D10,F10,F7,1137,806,0.1759014951627089
46_70_68,D10,F10,F8,911,658,0.21953896816684962
46_70_69,D10,F10,F9,1040,779,0.19230769230769232
46_70_90,D10,F10,H6,938,653,1.1727078891257996
46_70_93,D10,F10,H9,779,585,0.25673940949935814
46_71_12,D10,F11,A12,967,680,0.5170630816959669
46_71_32,D10,F11,C8,1470,968,0.6122448979591837
46_71_48,D10,F11,D12,454,357,0.4405286343612335
46_71_60,D10,F11,E12,531,420,0.3766478342749529
46_71_75,D10,F11,G3,403,334,0.9925558312655087
46_71_83,D10,F11,G11,924,662,0.7575757575757576
46_72_03,D10,F12,A3,625,457,0.16
46_72_06,D10,F12,A6,673,497,0.8915304606240713
46_72_18,D10,F12,B6,1938,1140,0.7223942208462332
46_72_19,D10,F12,B7,915,652,1.2021857923497268
46_72_21,D10,F12,B9,416,346,1.9230769230769231
46_72_46,D10,F12,D10,1428,960,0.0700280112044818
46_72_50,D10,F12,E2,1890,1189,0.21164021164021166
46_72_56,D10,F12,E8,1857,1106,0.053850296176628974
46_72_78,D10,F12,G6,904,620,0.22123893805309736
46_73_07,D10,G1,A7,1163,726,0.34393809114359414
46_73_11,D10,G1,A11,1593,945,0.25109855618330196
46_73_61,D10,G1,F1,487,391,0.20533880903490762
46_73_65,D10,G1,F5,1770,1045,0.3389830508474576
46_73_66,D10,G1,F6,2167,1268,0.18458698661744347
46_73_82,D10,G1,G10,1510,897,0.1986754966887417
46_73_83,D10,G1,G11,2726,1612,0.18341892883345562
46_74_03,D10,G2,A3,989,652,0.3033367037411527
46_74_14,D10,G2,B2,826,607,0.36319612590799033
46_74_19,D10,G2,B7,1165,807,0.4291845493562232
46_74_24,D10,G2,B12,2605,1485,0.11516314779270634
46_74_28,D10,G2,C4,1593,967,0.12554927809165098
46_74_32,D10,G2,C8,1158,769,0.2590673575129534
46_74_43,D10,G2,D7,1425,918,0.42105263157894735
46_74_62,D10,G2,F2,1533,996,0
46_74_72,D10,G2,F12,837,566,0.35842293906810035
46_74_76,D10,G2,G4,430,334,0
46_74_87,D10,G2,H3,644,490,2.7950310559006213
46_74_93,D10,G2,H9,470,386,1.9148936170212765
46_75_06,D10,G3,A6,371,309,0.2695417789757413
46_75_33,D10,G3,C9,1642,964,0.3654080389768575
46_75_50,D10,G3,E2,930,660,0.3225806451612903
46_75_52,D10,G3,E4,417,349,0
46_75_59,D10,G3,E11,621,434,0.322061191626409
46_75_64,D10,G3,F4,1086,731,0.09208103130755065
46_76_04,D10,G4,A4,645,508,0.15503875968992248
46_76_05,D10,G4,A5,810,613,0
46_76_26,D10,G4,C2,444,339,0.9009009009009009
46_76_45,D10,G4,D9,2817,1556,0.3549875754348598
46_76_52,D10,G4,E4,575,457,1.9130434782608694
46_76_73,D10,G4,G1,1216,773,0.1644736842105263
46_77_32,D10,G5,C8,412,329,0.48543689320388345
46_77_40,D10,G5,D4,695,528,0.28776978417266186
46_77_72,D10,G5,F12,768,565,0.13020833333333331
46_77_91,D10,G5,H7,543,423,0
46_78_02,D10,G6,A2,957,659,0.10449320794148381
46_78_47,D10,G6,D11,1042,729,0.6717850287907869
46_78_61,D10,G6,F1,1062,731,0.4708097928436911
46_78_63,D10,G6,F3,1293,812,0.9280742459396751
46_78_95,D10,G6,H11,1342,818,0.5216095380029807
46_79_11,D10,G7,A11,1798,1132,0.389321468298109
46_79_42,D10,G7,D6,1694,1054,1.2987012987012987
46_79_74,D10,G7,G2,1317,866,0.5315110098709187
46_79_78,D10,G7,G6,355,300,1.1267605633802817
46_79_90,D10,G7,H6,476,357,0.8403361344537815
46_79_92,D10,G7,H8,3160,1654,0.25316455696202533
46_80_11,D10,G8,A11,736,533,0.2717391304347826
46_80_16,D10,G8,B4,1311,861,0.5339435545385203
46_80_30,D10,G8,C6,860,591,0.11627906976744186
46_80_34,D10,G8,C10,731,524,0.957592339261286
46_80_35,D10,G8,C11,513,334,0.3898635477582846
46_80_45,D10,G8,D9,808,588,0.24752475247524752
46_80_56,D10,G8,E8,1723,1022,0.4643064422518862
46_80_65,D10,G8,F5,518,390,0.7722007722007722
46_80_80,D10,G8,G8,937,646,1.3874066168623265
46_80_83,D10,G8,G11,538,399,2.973977695167286
46_81_08,D10,G9,A8,3081,1560,0.19474196689386564
46_81_54,D10,G9,E6,399,333,0.2506265664160401
46_81_55,D10,G9,E7,651,476,0.15360983102918588
46_81_64,D10,G9,F4,964,713,3.319502074688797
46_81_72,D10,G9,F12,1971,1203,0.4058853373921867
46_81_82,D10,G9,G10,1724,1036,0.34802784222737815
46_81_92,D10,G9,H8,1693,985,0.531600708800945
46_81_96,D10,G9,H12,421,359,0.23752969121140144
46_82_01,D10,G10,A1,770,562,0
46_82_08,D10,G10,A8,1182,775,0.08460236886632826
46_82_13,D10,G10,B1,849,638,0
46_82_41,D10,G10,D5,767,564,0.3911342894393742
46_82_65,D10,G10,F5,715,527,0.6993006993006993
46_82_79,D10,G10,G7,584,447,0.3424657534246575
46_83_06,D10,G11,A6,401,301,0.24937655860349126
46_83_14,D10,G11,B2,447,342,0.8948545861297539
46_83_29,D10,G11,C5,425,322,0.2352941176470588
46_83_66,D10,G11,F6,366,298,0
46_83_76,D10,G11,G4,411,338,0.48661800486618007
46_83_88,D10,G11,H4,439,373,0
46_84_43,D10,G12,D7,4130,1868,0.1694915254237288
46_84_50,D10,G12,E2,1407,867,0.07107320540156362
46_84_62,D10,G12,F2,807,600,0.49566294919454773
46_84_90,D10,G12,H6,511,406,1.1741682974559686
46_84_95,D10,G12,H11,616,461,1.461038961038961
46_85_09,D10,H1,A9,621,502,0.1610305958132045
46_85_11,D10,H1,A11,1816,1096,0.7709251101321586
46_85_15,D10,H1,B3,901,627,0.6659267480577136
46_85_23,D10,H1,B11,2940,1534,0.17006802721088435
46_85_29,D10,H1,C5,1514,892,1.1228533685601056
46_85_35,D10,H1,C11,931,651,0.644468313641246
46_85_55,D10,H1,E7,773,583,0.38809831824062097
46_85_67,D10,H1,F7,876,599,0.5707762557077625
46_85_77,D10,H1,G5,584,469,1.1986301369863013
46_85_87,D10,H1,H3,518,403,0
46_85_93,D10,H1,H9,852,635,0.2347417840375587
46_86_07,D10,H2,A7,471,389,1.910828025477707
46_86_30,D10,H2,C6,991,674,0.30272452068617556
46_86_53,D10,H2,E5,578,438,2.249134948096886
46_86_56,D10,H2,E8,656,490,0
46_86_58,D10,H2,E10,1442,922,0.27739251040221913
46_86_74,D10,H2,G2,1631,946,0.1226241569589209
46_86_95,D10,H2,H11,673,476,0.1485884101040119
46_87_03,D10,H3,A3,394,331,0.25380710659898476
46_87_14,D10,H3,B2,938,636,0.21321961620469082
46_87_25,D10,H3,C1,455,384,0.21978021978021978
46_87_47,D10,H3,D11,1502,942,0.3328894806924101
46_87_69,D10,H3,F9,995,667,0.20100502512562815
46_87_90,D10,H3,H6,2747,1553,0.10921004732435385
46_88_01,D10,H4,A1,1565,1012,0.06389776357827476
46_88_20,D10,H4,B8,3092,1635,0.258732212160414
46_88_27,D10,H4,C3,1051,710,0.3805899143672693
46_88_33,D10,H4,C9,1854,1142,1.132686084142395
46_88_46,D10,H4,D10,342,304,1.1695906432748537
46_88_70,D10,H4,F10,665,527,0.7518796992481203
46_88_81,D10,H4,G9,1274,877,0.3139717425431711
46_89_28,D10,H5,C4,708,501,0.423728813559322
46_89_36,D10,H5,C12,754,557,0
46_89_42,D10,H5,D6,572,450,0.34965034965034963
46_89_53,D10,H5,E5,884,620,0.22624434389140274
46_89_74,D10,H5,G2,673,503,0.2971768202080238
46_89_83,D10,H5,G11,510,380,0.9803921568627451
46_90_36,D10,H6,C12,2092,1133,0.8604206500956023
46_90_56,D10,H6,E8,1160,791,0.9482758620689655
46_90_66,D10,H6,F6,2354,1293,0.29736618521665253
46_90_67,D10,H6,F7,1006,681,0.6958250497017893
46_90_78,D10,H6,G6,372,305,0.2688172043010753
46_91_19,D10,H7,B7,2856,1547,0.31512605042016806
46_91_79,D10,H7,G7,1177,750,1.274426508071368
46_91_83,D10,H7,G11,720,505,0.2777777777777778
46_91_91,D10,H7,H7,1402,965,0.14265335235378032
46_92_16,D10,H8,B4,544,448,0.1838235294117647
46_92_35,D10,H8,C11,575,433,1.0434782608695654
46_92_59,D10,H8,E11,349,294,0.5730659025787965
46_92_67,D10,H8,F7,752,535,0.26595744680851063
46_92_76,D10,H8,G4,538,427,0.18587360594795538
46_92_82,D10,H8,G10,2629,1473,0.49448459490300495
46_93_26,D10,H9,C2,702,551,0
46_93_28,D10,H9,C4,538,393,0.5576208178438662
46_93_59,D10,H9,E11,687,505,0.43668122270742354
46_93_72,D10,H9,F12,4299,2248,0.16282856478250757
46_93_78,D10,H9,G6,429,333,1.8648018648018647
46_93_84,D10,H9,G12,1134,750,0.6172839506172839
46_93_95,D10,H9,H11,2136,1266,0.42134831460674155
46_94_49,D10,H10,E1,648,503,0.4629629629629629
46_94_62,D10,H10,F2,741,532,0.2699055330634278
46_94_72,D10,H10,F12,939,754,0.42598509052183176
46_94_88,D10,H10,H4,675,482,1.1851851851851851
46_95_10,D10,H11,A10,765,546,0
46_95_11,D10,H11,A11,999,724,0.3003003003003003
46_95_12,D10,H11,A12,938,654,0.9594882729211088
46_95_14,D10,H11,B2,466,370,0
46_95_37,D10,H11,D1,674,478,0
46_95_62,D10,H11,F2,861,590,0
46_95_63,D10,H11,F3,1261,833,0.63441712926249
46_95_75,D10,H11,G3,703,536,0.7112375533428165
46_96_56,D10,H12,E8,474,385,0.42194092827004215
46_96_63,D10,H12,F3,526,442,0.19011406844106463
46_96_72,D10,H12,F12,724,568,0.13812154696132595
46_96_82,D10,H12,G10,623,499,0.4815409309791332
47_01_01,D11,A1,A1,432,359,2.083333333333333
47_01_06,D11,A1,A6,453,337,0.6622516556291391
47_01_14,D11,A1,B2,521,423,0.19193857965451055
47_01_15,D11,A1,B3,1227,769,0
47_01_34,D11,A1,C10,1317,777,0.30372057706909644
47_02_30,D11,A2,C6,775,564,0.25806451612903225
47_02_91,D11,A2,H7,648,455,0.6172839506172839
47_03_16,D11,A3,B4,622,511,0.8038585209003215
47_04_06,D11,A4,A6,452,370,0.22123893805309736
47_04_44,D11,A4,D8,1041,725,1.0566762728146013
47_04_45,D11,A4,D9,591,451,0.338409475465313
47_04_72,D11,A4,F12,543,442,0.5524861878453038
47_04_81,D11,A4,G9,478,361,0.6276150627615062
47_05_35,D11,A5,C11,856,603,0.11682242990654204
47_05_42,D11,A5,D6,406,361,0.7389162561576355
47_05_49,D11,A5,E1,2074,1262,0.14464802314368372
47_05_74,D11,A5,G2,494,383,1.0121457489878543
47_06_45,D11,A6,D9,527,397,0
47_06_84,D11,A6,G12,557,434,0.718132854578097
47_06_96,D11,A6,H12,962,642,0.5197505197505198
47_07_47,D11,A7,D11,615,480,0.4878048780487805
47_07_53,D11,A7,E5,762,530,0.13123359580052493
47_07_85,D11,A7,H1,819,579,0.9768009768009768
47_08_03,D11,A8,A3,2339,1230,0.38477982043608383
47_08_05,D11,A8,A5,410,328,1.2195121951219512
47_08_06,D11,A8,A6,539,405,0.1855287569573284
47_08_07,D11,A8,A7,651,467,0.15360983102918588
47_08_09,D11,A8,A9,1143,778,0
47_08_18,D11,A8,B6,820,599,0.24390243902439024
47_08_91,D11,A8,H7,1706,1046,0.1758499413833529
47_09_11,D11,A9,A11,730,540,1.36986301369863
47_09_35,D11,A9,C11,1414,933,0.21216407355021216
47_09_60,D11,A9,E12,823,577,0
47_09_75,D11,A9,G3,571,446,0.3502626970227671
47_10_61,D11,A10,F1,770,534,0.12987012987012986
47_11_33,D11,A11,C9,895,677,0.11173184357541899
47_11_48,D11,A11,D12,524,420,0.7633587786259541
47_11_59,D11,A11,E11,623,459,0.32102728731942215
47_11_65,D11,A11,F5,664,506,0
47_11_77,D11,A11,G5,651,489,0.7680491551459293
47_11_83,D11,A11,G11,1130,743,0.17699115044247787
47_12_09,D11,A12,A9,778,592,0.12853470437017994
47_12_21,D11,A12,B9,445,352,1.348314606741573
47_12_34,D11,A12,C10,832,596,1.201923076923077
47_12_51,D11,A12,E3,381,302,0
47_12_86,D11,A12,H2,890,626,1.1235955056179776
47_12_87,D11,A12,H3,808,589,0.3712871287128713
47_13_48,D11,B1,D12,447,342,1.342281879194631
47_13_88,D11,B1,H4,1011,701,0.4945598417408506
47_14_07,D11,B2,A7,473,386,0.21141649048625794
47_14_25,D11,B2,C1,633,465,0.315955766192733
47_14_31,D11,B2,C7,794,559,0.7556675062972292
47_14_56,D11,B2,E8,549,432,0.18214936247723132
47_14_61,D11,B2,F1,873,613,0.45819014891179843
47_14_92,D11,B2,H8,1210,822,0.3305785123966942
47_15_03,D11,B3,A3,505,391,0.39603960396039606
47_15_07,D11,B3,A7,1637,1024,0.3665241295051924
47_15_18,D11,B3,B6,620,478,0.16129032258064516
47_15_22,D11,B3,B10,1189,713,0.16820857863751051
47_15_72,D11,B3,F12,351,304,0.8547008547008548
47_15_82,D11,B3,G10,532,388,3.007518796992481
47_15_96,D11,B3,H12,5956,2750,0.3525856279382136
47_16_08,D11,B4,A8,475,354,1.0526315789473684
47_16_17,D11,B4,B5,399,332,0.5012531328320802
47_16_75,D11,B4,G3,716,521,0.5586592178770949
47_17_02,D11,B5,A2,379,317,0
47_17_08,D11,B5,A8,392,327,0
47_17_16,D11,B5,B4,514,413,0.38910505836575876
47_17_37,D11,B5,D1,690,553,0.14492753623188406
47_17_39,D11,B5,D3,365,299,0.273972602739726
47_17_65,D11,B5,F5,526,409,0
47_17_72,D11,B5,F12,424,346,0.9433962264150944
47_17_83,D11,B5,G11,1176,815,0.5952380952380952
47_17_87,D11,B5,H3,364,308,0.5494505494505495
47_17_95,D11,B5,H11,745,529,0.2684563758389262
47_18_11,D11,B6,A11,1183,816,0
47_18_12,D11,B6,A12,2349,1491,0.2554278416347382
47_18_32,D11,B6,C8,2029,1143,0.2957121734844751
47_18_34,D11,B6,C10,629,487,0.3179650238473768
47_18_47,D11,B6,D11,422,336,1.1848341232227488
47_18_48,D11,B6,D12,921,667,1.3029315960912053
47_18_58,D11,B6,E10,1053,750,0.5698005698005698
47_18_61,D11,B6,F1,1348,869,0.22255192878338279
47_18_62,D11,B6,F2,1912,1114,0
47_18_69,D11,B6,F9,913,629,0.9857612267250823
47_18_73,D11,B6,G1,388,321,2.3195876288659796
47_18_79,D11,B6,G7,748,530,0.1336898395721925
47_18_81,D11,B6,G9,1328,854,0.37650602409638556
47_18_86,D11,B6,H2,1099,746,0.4549590536851683
47_18_91,D11,B6,H7,709,520,0.9873060648801129
47_18_94,D11,B6,H10,585,431,0.8547008547008548
47_19_31,D11,B7,C7,444,359,0.6756756756756757
47_19_38,D11,B7,D2,688,513,0.5813953488372093
47_19_53,D11,B7,E5,620,464,0.16129032258064516
47_19_62,D11,B7,F2,654,487,0.3058103975535168
47_19_75,D11,B7,G3,1028,705,0.38910505836575876
47_19_92,D11,B7,H8,1547,893,0.12928248222365868
47_20_04,D11,B8,A4,762,574,0.26246719160104987
47_20_07,D11,B8,A7,425,339,0.2352941176470588
47_20_22,D11,B8,B10,518,416,0.3861003861003861
47_20_30,D11,B8,C6,414,332,0.24154589371980675
47_20_48,D11,B8,D12,378,314,0.26455026455026454
47_20_49,D11,B8,E1,371,305,0.2695417789757413
47_20_78,D11,B8,G6,394,300,1.7766497461928936
47_20_79,D11,B8,G7,366,313,2.459016393442623
47_21_13,D11,B9,B1,422,340,0.23696682464454977
47_21_18,D11,B9,B6,644,490,0.6211180124223602
47_21_70,D11,B9,F10,397,330,0.2518891687657431
47_21_79,D11,B9,G7,639,500,2.660406885758998
47_22_11,D11,B10,A11,2280,1198,0.30701754385964913
47_22_39,D11,B10,D3,649,508,0.15408320493066258
47_22_75,D11,B10,G3,594,476,1.6835016835016834
47_23_10,D11,B11,A10,1308,803,0.22935779816513763
47_23_11,D11,B11,A11,438,358,0.228310502283105
47_23_44,D11,B11,D8,578,457,1.7301038062283738
47_23_61,D11,B11,F1,1269,804,0.15760441292356187
47_23_94,D11,B11,H10,615,459,0.16260162601626016
47_23_95,D11,B11,H11,482,398,1.0373443983402488
47_24_03,D11,B12,A3,524,402,0.5725190839694656
47_24_06,D11,B12,A6,466,372,0.8583690987124464
47_24_08,D11,B12,A8,1196,793,0
47_24_30,D11,B12,C6,896,627,0.78125
47_24_36,D11,B12,C12,2244,1306,0.267379679144385
47_24_54,D11,B12,E6,691,565,0
47_24_61,D11,B12,F1,915,639,0.4371584699453552
47_24_74,D11,B12,G2,785,522,0
47_24_84,D11,B12,G12,1213,797,0.8244023083264632
47_25_09,D11,C1,A9,398,337,0.5025125628140703
47_25_16,D11,C1,B4,401,322,0.4987531172069825
47_25_28,D11,C1,C4,480,381,0.4166666666666667
47_25_38,D11,C1,D2,648,462,0.30864197530864196
47_25_92,D11,C1,H8,597,438,0.33500837520938026
47_26_07,D11,C2,A7,385,314,1.8181818181818181
47_26_35,D11,C2,C11,427,358,0
47_26_40,D11,C2,D4,416,330,0.4807692307692308
47_26_65,D11,C2,F5,4341,2111,0.322506334945865
47_27_06,D11,C3,A6,1384,823,0.4335260115606936
47_27_16,D11,C3,B4,726,496,0.4132231404958678
47_27_28,D11,C3,C4,917,608,0.3271537622682661
47_27_51,D11,C3,E3,3899,1941,0.5642472428827905
47_27_78,D11,C3,G6,982,646,0.20366598778004072
47_27_82,D11,C3,G10,2854,1659,0.31534688156972673
47_27_84,D11,C3,G12,559,437,1.2522361359570662
47_27_85,D11,C3,H1,1030,692,0.1941747572815534
47_27_88,D11,C3,H4,407,350,0.2457002457002457
47_27_96,D11,C3,H12,708,539,0.423728813559322
47_28_03,D11,C4,A3,1281,805,0.234192037470726
47_28_06,D11,C4,A6,1491,927,0.2682763246143528
47_28_11,D11,C4,A11,768,546,1.171875
47_28_14,D11,C4,B2,1597,961,1.3149655604257984
47_28_34,D11,C4,C10,1752,1067,0.28538812785388123
47_28_40,D11,C4,D4,904,637,0.11061946902654868
47_28_49,D11,C4,E1,1380,867,0.14492753623188406
47_28_67,D11,C4,F7,751,552,0.2663115845539281
47_28_90,D11,C4,H6,648,473,1.2345679012345678
47_29_29,D11,C5,C5,803,562,0
47_29_38,D11,C5,D2,719,502,0.27816411682892905
47_29_53,D11,C5,E5,708,537,0.2824858757062147
47_29_96,D11,C5,H12,591,477,0.5076142131979695
47_30_43,D11,C6,D7,366,308,0.546448087431694
47_30_58,D11,C6,E10,392,320,0.7653061224489796
47_31_13,D11,C7,B1,710,507,0.28169014084507044
47_31_25,D11,C7,C1,1780,1046,0.05617977528089888
47_31_27,D11,C7,C3,1580,1046,0.569620253164557
47_31_30,D11,C7,C6,634,459,0
47_31_53,D11,C7,E5,1483,901,0.5394470667565745
47_31_61,D11,C7,F1,775,567,0.12903225806451613
47_31_85,D11,C7,H1,926,664,0.755939524838013
47_31_86,D11,C7,H2,1477,909,0.2031144211238998
47_32_14,D11,C8,B2,547,422,0.9140767824497258
47_32_49,D11,C8,E1,497,373,0
47_32_54,D11,C8,E6,500,391,1
47_32_71,D11,C8,F11,862,585,0.23201856148491878
47_32_82,D11,C8,G10,406,323,0
47_33_02,D11,C9,A2,577,436,0.8665511265164645
47_33_51,D11,C9,E3,775,541,0.25806451612903225
47_33_62,D11,C9,F2,616,451,0.974025974025974
47_33_82,D11,C9,G10,523,403,0.5736137667304015
47_34_17,D11,C10,B5,1384,948,0.2890173410404624
47_34_18,D11,C10,B6,1762,970,0.056753688989784334
47_34_41,D11,C10,D5,716,575,0.27932960893854747
47_34_45,D11,C10,D9,695,537,0.4316546762589928
47_34_72,D11,C10,F12,1171,766,0.5123825789923143
47_34_77,D11,C10,G5,968,695,0.10330578512396695
47_34_95,D11,C10,H11,434,332,2.7649769585253456
47_35_35,D11,C11,C11,737,525,0.40705563093622793
47_35_52,D11,C11,E4,1147,737,0.34873583260680036
47_35_58,D11,C11,E10,1235,824,0
47_35_73,D11,C11,G1,527,412,2.846299810246679
47_35_95,D11,C11,H11,3364,1757,0.3864447086801427
47_36_09,D11,C12,A9,1510,950,0.26490066225165565
47_36_22,D11,C12,B10,357,304,1.9607843137254901
47_36_60,D11,C12,E12,663,506,0.1508295625942685
47_36_61,D11,C12,F1,1599,934,0.06253908692933083
47_36_63,D11,C12,F3,1912,1107,0.36610878661087864
47_36_65,D11,C12,F5,516,392,0.5813953488372093
47_36_66,D11,C12,F6,871,626,0.4592422502870264
47_36_70,D11,C12,F10,1573,1003,0.19071837253655435
47_36_74,D11,C12,G2,1115,733,0.5381165919282511
47_36_85,D11,C12,H1,1630,1007,0.3067484662576687
47_36_93,D11,C12,H9,894,608,3.0201342281879198
47_36_94,D11,C12,H10,1741,1080,0.17231476163124643
47_37_15,D11,D1,B3,515,406,1.3592233009708738
47_37_33,D11,D1,C9,531,376,0.3766478342749529
47_38_32,D11,D2,C8,1061,737,0.1885014137606032
47_38_54,D11,D2,E6,837,600,0.4778972520908005
47_38_76,D11,D2,G4,1181,715,0.9314140558848433
47_38_91,D11,D2,H7,1518,989,0.06587615283267458
47_38_93,D11,D2,H9,1052,678,0
47_39_06,D11,D3,A6,582,465,0
47_39_26,D11,D3,C2,481,386,0.8316008316008316
47_39_52,D11,D3,E4,3280,1695,0.2134146341463415
47_39_74,D11,D3,G2,697,482,0.5738880918220948
47_39_75,D11,D3,G3,621,457,0.4830917874396135
47_39_80,D11,D3,G8,1171,774,0.25619128949615716
47_40_16,D11,D4,B4,1285,792,0.07782101167315175
47_40_26,D11,D4,C2,1034,730,0.2901353965183753
47_40_29,D11,D4,C5,1135,734,0
47_40_39,D11,D4,D3,1023,690,0.2932551319648094
47_40_72,D11,D4,F12,469,378,0.6396588486140725
47_40_80,D11,D4,G8,1243,826,0.08045052292839903
47_40_84,D11,D4,G12,2577,1455,0.23282887077997672
47_41_05,D11,D5,A5,888,608,0
47_41_20,D11,D5,B8,769,536,1.0403120936280885
47_41_26,D11,D5,C2,479,386,1.2526096033402923
47_41_27,D11,D5,C3,605,487,0.8264462809917356
47_41_33,D11,D5,C9,1035,697,0.1932367149758454
47_41_53,D11,D5,E5,721,521,0.27739251040221913
47_41_60,D11,D5,E12,944,715,1.059322033898305
47_41_64,D11,D5,F4,603,438,0.4975124378109453
47_41_68,D11,D5,F8,826,606,0
47_41_74,D11,D5,G2,559,443,0
47_42_26,D11,D6,C2,405,327,0
47_42_31,D11,D6,C7,6070,2870,0.3130148270181219
47_42_38,D11,D6,D2,436,326,0.6880733944954129
47_42_44,D11,D6,D8,416,345,0
47_42_67,D11,D6,F7,497,394,0.6036217303822937
47_42_82,D11,D6,G10,701,530,0.14265335235378032
47_42_90,D11,D6,H6,341,297,0.8797653958944283
47_43_08,D11,D7,A8,400,314,0
47_43_18,D11,D7,B6,981,710,0.9174311926605505
47_43_21,D11,D7,B9,639,461,0.3129890453834116
47_43_65,D11,D7,F5,547,418,0.9140767824497258
47_43_75,D11,D7,G3,643,467,1.8662519440124419
47_43_79,D11,D7,G7,673,503,0.44576523031203563
47_44_36,D11,D8,C12,460,379,0
47_44_42,D11,D8,D6,390,323,0.2564102564102564
47_44_48,D11,D8,D12,429,370,0.2331002331002331
47_44_66,D11,D8,F6,874,638,1.0297482837528604
47_44_96,D11,D8,H12,409,335,0.24449877750611246
47_45_01,D11,D9,A1,507,414,0.39447731755424065
47_45_34,D11,D9,C10,657,496,0.45662100456621
47_45_68,D11,D9,F8,380,301,0.5263157894736842
47_45_89,D11,D9,H5,675,528,2.2222222222222223
47_45_92,D11,D9,H8,767,538,0.5215123859191656
47_46_05,D11,D10,A5,2854,1688,0.31534688156972673
47_46_18,D11,D10,B6,1515,871,0.9900990099009901
47_46_19,D11,D10,B7,1362,901,0.881057268722467
47_46_29,D11,D10,C5,731,529,0.6839945280437756
47_46_36,D11,D10,C12,1302,794,0.15360983102918588
47_46_40,D11,D10,D4,638,469,1.09717868338558
47_46_84,D11,D10,G12,805,576,0.12422360248447205
47_47_46,D11,D11,D10,1179,779,0.16963528413910092
47_47_51,D11,D11,E3,396,322,0.5050505050505051
47_47_79,D11,D11,G7,657,492,0.45662100456621
47_47_80,D11,D11,G8,500,401,0
47_47_84,D11,D11,G12,798,598,0
47_47_92,D11,D11,H8,479,390,1.0438413361169103
47_48_09,D11,D12,A9,670,507,0.44776119402985076
47_48_20,D11,D12,B8,524,432,0.5725190839694656
47_48_21,D11,D12,B9,758,568,0.6596306068601583
47_48_23,D11,D12,B11,871,626,0.5740528128587831
47_48_28,D11,D12,C4,1510,859,0.4635761589403974
47_48_50,D11,D12,E2,1045,740,0.4784688995215311
47_48_60,D11,D12,E12,697,503,0.1434720229555237
47_48_67,D11,D12,F7,929,675,1.0764262648008611
47_48_70,D11,D12,F10,788,562,0.25380710659898476
47_48_91,D11,D12,H7,2567,1435,0.19477989871445267
47_49_28,D11,E1,C4,943,639,0
47_49_54,D11,E1,E6,588,425,0.3401360544217687
47_49_67,D11,E1,F7,343,296,0.2915451895043732
47_49_77,D11,E1,G5,695,509,0.14388489208633093
47_49_87,D11,E1,H3,511,419,0.7827788649706457
47_49_93,D11,E1,H9,1590,954,0.5660377358490566
47_50_10,D11,E2,A10,720,577,0.8333333333333334
47_50_29,D11,E2,C5,449,348,0.6681514476614699
47_50_45,D11,E2,D9,681,502,0.7342143906020557
47_50_63,D11,E2,F3,1608,1024,0.3109452736318408
47_50_74,D11,E2,G2,664,490,0.7530120481927711
47_50_80,D11,E2,G8,798,596,0.12531328320802004
47_50_91,D11,E2,H7,546,415,0.3663003663003663
47_51_29,D11,E3,C5,560,448,0.17857142857142858
47_51_67,D11,E3,F7,689,493,0
47_51_89,D11,E3,H5,370,316,0.2702702702702703
47_52_19,D11,E4,B7,931,606,0
47_52_35,D11,E4,C11,546,418,0.9157509157509158
47_52_39,D11,E4,D3,591,459,0.1692047377326565
47_52_45,D11,E4,D9,1167,756,0.42844901456726653
47_52_47,D11,E4,D11,1163,801,0.08598452278589853
47_52_59,D11,E4,E11,637,467,0.15698587127158556
47_52_69,D11,E4,F9,808,600,0.24752475247524752
47_52_81,D11,E4,G9,443,354,0
47_52_89,D11,E4,H5,1475,929,2.7796610169491522
47_53_15,D11,E5,B3,448,336,2.6785714285714284
47_53_37,D11,E5,D1,394,321,0
47_53_40,D11,E5,D4,616,436,0
47_53_47,D11,E5,D11,549,414,0.7285974499089253
47_53_65,D11,E5,F5,1350,875,0.3703703703703704
47_53_67,D11,E5,F7,1178,808,0.7640067911714771
47_53_83,D11,E5,G11,648,508,0.4629629629629629
47_53_91,D11,E5,H7,446,364,0.4484304932735426
47_54_24,D11,E6,B12,999,727,0.40040040040040037
47_54_36,D11,E6,C12,2085,1332,0.38369304556354916
47_54_46,D11,E6,D10,663,492,1.206636500754148
47_54_53,D11,E6,E5,408,316,1.2254901960784315
47_54_55,D11,E6,E7,383,324,0
47_54_70,D11,E6,F10,528,414,0.3787878787878788
47_54_88,D11,E6,H4,1223,764,0.3270645952575634
47_54_96,D11,E6,H12,374,301,0.53475935828877
47_55_29,D11,E7,C5,540,394,0.1851851851851852
47_55_38,D11,E7,D2,540,447,0
47_55_39,D11,E7,D3,533,430,0.5628517823639775
47_55_40,D11,E7,D4,586,498,0.17064846416382254
47_55_44,D11,E7,D8,415,348,2.1686746987951806
47_55_77,D11,E7,G5,621,463,0.1610305958132045
47_55_86,D11,E7,H2,398,314,0.25125628140703515
47_56_08,D11,E8,A8,1786,1082,0.2799552071668533
47_56_11,D11,E8,A11,1029,691,0.3887269193391642
47_56_42,D11,E8,D6,450,365,1.1111111111111112
47_56_60,D11,E8,E12,1283,782,0.23382696804364772
47_56_61,D11,E8,F1,1781,1026,0.39303761931499154
47_56_75,D11,E8,G3,820,592,0.12195121951219512
47_56_76,D11,E8,G4,893,607,0.6718924972004479
47_56_80,D11,E8,G8,1521,1053,0.3287310979618672
47_56_89,D11,E8,H5,879,626,0
47_56_92,D11,E8,H8,422,349,0.47393364928909953
47_57_17,D11,E9,B5,557,448,0.3590664272890485
47_57_32,D11,E9,C8,441,354,1.1337868480725624
47_57_63,D11,E9,F3,758,520,0.2638522427440633
47_57_75,D11,E9,G3,540,426,0
47_58_05,D11,E10,A5,1925,1119,0.2077922077922078
47_58_11,D11,E10,A11,605,470,0.1652892561983471
47_58_44,D11,E10,D8,568,427,0.35211267605633806
47_58_73,D11,E10,G1,626,471,0
47_58_84,D11,E10,G12,666,466,4.354354354354354
47_58_89,D11,E10,H5,1432,917,0.4888268156424581
47_59_05,D11,E11,A5,735,577,0.6802721088435374
47_59_21,D11,E11,B9,1407,901,0.35536602700781805
47_59_35,D11,E11,C11,1099,722,0.4549590536851683
47_59_64,D11,E11,F4,1387,910,0.43258832011535686
47_59_70,D11,E11,F10,623,457,0.8025682182985553
47_59_87,D11,E11,H3,605,467,0.3305785123966942
47_60_07,D11,E12,A7,507,418,0.19723865877712032
47_60_23,D11,E12,B11,2756,1593,0.36284470246734396
47_60_25,D11,E12,C1,623,487,0.16051364365971107
47_60_35,D11,E12,C11,369,310,0
47_60_52,D11,E12,E4,405,343,0.49382716049382713
47_60_60,D11,E12,E12,396,336,1.0101010101010102
47_60_68,D11,E12,F8,510,393,1.3725490196078431
47_60_77,D11,E12,G5,1610,1026,0.37267080745341613
47_61_18,D11,F1,B6,1967,1177,0.10167768174885612
47_61_29,D11,F1,C5,1140,735,0.08771929824561403
47_61_53,D11,F1,E5,1139,726,0.2633889376646181
47_61_58,D11,F1,E10,1261,827,0.23790642347343377
47_61_71,D11,F1,F11,1068,673,0.9363295880149813
47_62_03,D11,F2,A3,907,639,0.8820286659316428
47_62_05,D11,F2,A5,473,382,0
47_62_17,D11,F2,B5,1197,861,0.4177109440267335
47_62_25,D11,F2,C1,2064,1247,0.1937984496124031
47_62_30,D11,F2,C6,1251,846,0
47_62_38,D11,F2,D2,1094,762,0.5484460694698354
47_62_53,D11,F2,E5,452,356,0.22123893805309736
47_62_54,D11,F2,E6,592,458,0.33783783783783783
47_62_87,D11,F2,H3,1734,1029,0.11534025374855825
47_63_08,D11,F3,A8,390,316,0.2564102564102564
47_63_20,D11,F3,B8,974,647,0.20533880903490762
47_63_32,D11,F3,C8,488,397,0.6147540983606558
47_63_43,D11,F3,D7,1874,1136,0.05336179295624333
47_63_45,D11,F3,D9,1291,833,0.3872966692486445
47_63_47,D11,F3,D11,1646,987,1.5188335358444713
47_63_52,D11,F3,E4,352,295,0
47_63_55,D11,F3,E7,372,316,1.0752688172043012
47_63_79,D11,F3,G7,875,622,0.34285714285714286
47_63_84,D11,F3,G12,3156,1715,0.19011406844106463
47_64_15,D11,F4,B3,609,455,0.49261083743842365
47_64_29,D11,F4,C5,2454,1286,1.1817440912795436
47_64_45,D11,F4,D9,1100,699,0.45454545454545453
47_64_60,D11,F4,E12,614,467,1.3029315960912053
47_64_78,D11,F4,G6,714,524,0.5602240896358543
47_64_82,D11,F4,G10,1163,788,0.6018916595012898
47_64_86,D11,F4,H2,2139,1215,0.2805049088359046
47_64_93,D11,F4,H9,379,313,0
47_65_59,D11,F5,E11,1546,895,0.258732212160414
47_65_84,D11,F5,G12,2013,1240,0.39741679085941384
47_65_91,D11,F5,H7,830,588,0.24096385542168677
47_66_37,D11,F6,D1,574,455,0.5226480836236934
47_66_41,D11,F6,D5,471,367,0.8492569002123143
47_66_66,D11,F6,F6,533,435,0.18761726078799248
47_66_72,D11,F6,F12,482,380,0.6224066390041494
47_66_73,D11,F6,G1,507,401,0.39447731755424065
47_66_93,D11,F6,H9,573,426,0.34904013961605584
47_67_07,D11,F7,A7,500,407,1.2
47_67_26,D11,F7,C2,457,375,0.2188183807439825
47_67_27,D11,F7,C3,753,555,0.5312084993359893
47_67_35,D11,F7,C11,796,544,0.628140703517588
47_67_60,D11,F7,E12,485,406,0.8247422680412372
47_67_63,D11,F7,F3,727,551,0.5502063273727648
47_67_68,D11,F7,F8,813,587,0.36900369003690037
47_67_72,D11,F7,F12,872,616,0.45871559633027525
47_67_81,D11,F7,G9,974,661,0
47_67_91,D11,F7,H7,1072,684,0.18656716417910446
47_67_93,D11,F7,H9,458,379,0.21834061135371177
47_68_20,D11,F8,B8,949,681,0.31612223393045313
47_68_24,D11,F8,B12,1086,746,0.1841620626151013
47_68_42,D11,F8,D6,500,383,0
47_68_65,D11,F8,F5,1079,719,0.27803521779425394
47_68_82,D11,F8,G10,414,348,0.4830917874396135
47_68_90,D11,F8,H6,1084,735,0.18450184501845018
47_69_05,D11,F9,A5,905,634,0.22099447513812157
47_69_38,D11,F9,D2,559,417,0.17889087656529518
47_69_90,D11,F9,H6,707,510,0.5657708628005658
47_70_01,D11,F10,A1,362,307,0.8287292817679558
47_70_22,D11,F10,B10,1438,998,0.06954102920723226
47_70_35,D11,F10,C11,1122,797,0.35650623885918004
47_70_38,D11,F10,D2,654,489,0.9174311926605505
47_70_48,D11,F10,D12,1108,778,0.45126353790613716
47_70_75,D11,F10,G3,1642,1042,0.3654080389768575
47_71_30,D11,F11,C6,733,532,0
47_71_75,D11,F11,G3,660,504,0.30303030303030304
47_72_05,D11,F12,A5,352,308,1.4204545454545454
47_72_06,D11,F12,A6,1332,916,0.3003003003003003
47_72_08,D11,F12,A8,626,451,0.4792332268370607
47_72_25,D11,F12,C1,510,391,0.7843137254901961
47_72_28,D11,F12,C4,783,565,0.6385696040868455
47_72_31,D11,F12,C7,2405,1355,0.9147609147609148
47_72_34,D11,F12,C10,1233,774,0.40551500405515
47_72_35,D11,F12,C11,777,555,0.1287001287001287
47_72_37,D11,F12,D1,773,562,0.129366106080207
47_72_47,D11,F12,D11,2150,1246,0.37209302325581395
47_72_48,D11,F12,D12,1069,720,0.18709073900841908
47_72_55,D11,F12,E7,520,405,0.576923076923077
47_72_64,D11,F12,F4,452,390,0.22123893805309736
47_72_65,D11,F12,F5,1426,928,0.42075736325385693
47_73_90,D11,G1,H6,640,483,0
47_74_25,D11,G2,C1,496,405,1.6129032258064515
47_74_26,D11,G2,C2,633,498,0.315955766192733
47_74_30,D11,G2,C6,742,554,0
47_74_31,D11,G2,C7,609,474,0
47_74_34,D11,G2,C10,601,446,0.8319467554076538
47_74_35,D11,G2,C11,779,600,0
47_74_50,D11,G2,E2,890,672,1.1235955056179776
47_74_86,D11,G2,H2,933,676,1.0718113612004287
47_75_10,D11,G3,A10,750,512,1.0666666666666667
47_75_28,D11,G3,C4,858,624,0.11655011655011654
47_75_37,D11,G3,D1,717,519,0.5578800557880056
47_75_44,D11,G3,D8,973,719,0.20554984583761562
47_75_58,D11,G3,E10,1681,1005,0.1189767995240928
47_75_72,D11,G3,F12,1071,724,0.2801120448179272
47_75_96,D11,G3,H12,844,646,0.8293838862559242
47_76_02,D11,G4,A2,940,618,0.3191489361702127
47_76_08,D11,G4,A8,421,328,0.23752969121140144
47_76_32,D11,G4,C8,691,517,0.8683068017366137
47_76_36,D11,G4,C12,1592,917,0.6909547738693468
47_76_42,D11,G4,D6,819,606,0.6105006105006106
47_76_44,D11,G4,D8,823,593,0.12150668286755771
47_76_83,D11,G4,G11,433,359,0.23094688221709006
47_77_19,D11,G5,B7,567,438,0.5291005291005291
47_77_66,D11,G5,F6,351,296,0.5698005698005698
47_77_93,D11,G5,H9,414,335,0.24154589371980675
47_78_06,D11,G6,A6,954,636,0.10482180293501049
47_78_12,D11,G6,A12,499,430,0.4008016032064128
47_78_17,D11,G6,B5,458,377,0
47_78_24,D11,G6,B12,393,331,0.5089058524173028
47_78_59,D11,G6,E11,911,604,0
47_78_73,D11,G6,G1,760,556,0.2631578947368421
47_79_17,D11,G7,B5,749,544,0.5340453938584779
47_79_54,D11,G7,E6,848,598,0.589622641509434
47_79_56,D11,G7,E8,569,441,0.7029876977152899
47_79_60,D11,G7,E12,393,313,0.7633587786259541
47_79_69,D11,G7,F9,910,629,0.21978021978021978
47_79_85,D11,G7,H1,1131,799,0.17683465959328026
47_80_20,D11,G8,B8,426,351,0
47_80_22,D11,G8,B10,463,348,0.8639308855291578
47_80_23,D11,G8,B11,603,473,0.4975124378109453
47_80_28,D11,G8,C4,499,405,0.2004008016032064
47_80_47,D11,G8,D11,1946,1256,0.2569373072970195
47_80_58,D11,G8,E10,667,466,0.14992503748125938
47_80_84,D11,G8,G12,3416,1801,0.20491803278688525
47_81_07,D11,G9,A7,1166,826,0.7718696397941681
47_81_08,D11,G9,A8,901,607,0.11098779134295228
47_81_15,D11,G9,B3,1480,905,0.40540540540540543
47_81_26,D11,G9,C2,445,347,0.8988764044943821
47_81_41,D11,G9,D5,2342,1265,0.1707941929974381
47_81_47,D11,G9,D11,641,493,0.31201248049922
47_81_61,D11,G9,F1,481,410,0.4158004158004158
47_81_96,D11,G9,H12,845,606,1.6568047337278107
47_82_01,D11,G10,A1,416,346,0.7211538461538461
47_82_16,D11,G10,B4,414,340,0.966183574879227
47_82_79,D11,G10,G7,463,365,1.079913606911447
47_83_11,D11,G11,A11,395,328,2.278481012658228
47_83_28,D11,G11,C4,1718,1109,0.23282887077997672
47_83_34,D11,G11,C10,361,300,0
47_83_36,D11,G11,C12,1019,764,0
47_83_59,D11,G11,E11,410,329,0.24390243902439024
47_83_69,D11,G11,F9,477,392,0.628930817610063
47_83_87,D11,G11,H3,493,390,0
47_84_29,D11,G12,C5,758,561,0.13192612137203166
47_84_35,D11,G12,C11,402,325,0.4975124378109453
47_84_37,D11,G12,D1,728,526,0.8241758241758242
47_84_52,D11,G12,E4,2977,1584,0.16795431642593214
47_84_87,D11,G12,H3,599,473,0.5008347245409015
47_85_55,D11,H1,E7,576,454,0.8680555555555556
47_85_60,D11,H1,E12,448,370,0
47_86_31,D11,H2,C7,907,654,0.4410143329658214
47_86_90,D11,H2,H6,892,614,0.672645739910314
47_87_06,D11,H3,A6,478,393,0.6276150627615062
47_87_10,D11,H3,A10,715,534,0.6993006993006993
47_87_11,D11,H3,A11,574,436,0.5226480836236934
47_87_12,D11,H3,A12,708,523,0.14124293785310735
47_87_22,D11,H3,B10,679,488,0.5891016200294551
47_87_45,D11,H3,D9,1070,710,0.1869158878504673
47_87_69,D11,H3,F9,871,628,0.1148105625717566
47_87_79,D11,H3,G7,476,358,1.2605042016806722
47_87_82,D11,H3,G10,522,429,1.1494252873563218
47_87_84,D11,H3,G12,967,690,0.8273009307135472
47_87_87,D11,H3,H3,585,456,0.5128205128205128
47_87_91,D11,H3,H7,1658,977,0.3618817852834741
47_87_96,D11,H3,H12,755,562,0.9271523178807948
47_88_12,D11,H4,A12,539,428,0.927643784786642
47_88_27,D11,H4,C3,447,376,0
47_88_35,D11,H4,C11,1107,738,0.18066847335140018
47_88_45,D11,H4,D9,2007,1230,0.5480817140009965
47_88_59,D11,H4,E11,755,551,1.7218543046357615
47_88_86,D11,H4,H2,912,684,0
47_88_87,D11,H4,H3,722,544,0.8310249307479225
47_88_93,D11,H4,H9,968,646,0.4132231404958678
47_89_53,D11,H5,E5,1450,928,0.13793103448275862
47_89_60,D11,H5,E12,902,651,0.6651884700665188
47_89_78,D11,H5,G6,415,330,0.24096385542168677
47_90_54,D11,H6,E6,1028,668,0.5836575875486382
47_90_66,D11,H6,F6,1523,980,0.6565988181221274
47_90_69,D11,H6,F9,1238,834,0.08077544426494346
47_90_82,D11,H6,G10,769,549,0.13003901170351106
47_90_90,D11,H6,H6,1313,837,0.30464584920030463
47_91_08,D11,H7,A8,450,366,0
47_91_10,D11,H7,A10,3932,1860,0.1780264496439471
47_91_30,D11,H7,C6,983,661,1.3224821973550356
47_91_46,D11,H7,D10,1142,768,0
47_91_66,D11,H7,F6,428,342,0.23364485981308408
47_91_69,D11,H7,F9,371,301,0
47_91_73,D11,H7,G1,552,416,0.18115942028985507
47_91_77,D11,H7,G5,709,553,0.9873060648801129
47_91_94,D11,H7,H10,1018,675,0.19646365422396855
47_92_16,D11,H8,B4,350,300,0.2857142857142857
47_92_23,D11,H8,B11,429,359,0.6993006993006993
47_92_91,D11,H8,H7,1167,762,0.2570694087403599
47_93_10,D11,H9,A10,679,506,0.4418262150220913
47_93_21,D11,H9,B9,525,403,0.5714285714285714
47_93_31,D11,H9,C7,1265,861,1.4229249011857708
47_93_32,D11,H9,C8,465,367,1.0752688172043012
47_93_67,D11,H9,F7,404,302,0.49504950495049505
47_93_87,D11,H9,H3,654,466,0.45871559633027525
47_93_93,D11,H9,H9,434,353,0.9216589861751152
47_93_94,D11,H9,H10,433,351,0.6928406466512702
47_93_96,D11,H9,H12,733,573,0.2728512960436562
47_94_18,D11,H10,B6,553,442,0
47_94_23,D11,H10,B11,393,324,1.0178117048346056
47_94_24,D11,H10,B12,732,534,0.4098360655737705
47_94_38,D11,H10,D2,934,697,1.177730192719486
47_94_59,D11,H10,E11,1390,915,0.14388489208633093
47_94_85,D11,H10,H1,533,412,0.37523452157598497
47_95_11,D11,H11,A11,753,568,1.7264276228419653
47_95_61,D11,H11,F1,676,473,0.4437869822485207
47_96_13,D11,H12,B1,1082,762,0.27726432532347506
48_01_13,D12,A1,B1,627,465,0
48_01_18,D12,A1,B6,709,528,0.2820874471086037
48_01_20,D12,A1,B8,460,353,0.6521739130434783
48_01_21,D12,A1,B9,710,526,0.28169014084507044
48_01_50,D12,A1,E2,568,432,1.056338028169014
48_01_63,D12,A1,F3,548,398,0.5474452554744526
48_01_95,D12,A1,H11,1048,690,0.38167938931297707
48_02_17,D12,A2,B5,643,472,0
48_02_42,D12,A2,D6,809,580,0.12360939431396785
48_02_50,D12,A2,E2,955,636,0.10471204188481677
48_02_68,D12,A2,F8,689,514,0.43541364296081275
48_02_75,D12,A2,G3,454,373,0.4405286343612335
48_02_90,D12,A2,H6,691,500,0.43415340086830684
48_02_92,D12,A2,H8,1918,1148,0.20855057351407716
48_02_95,D12,A2,H11,433,324,0.23094688221709006
48_03_21,D12,A3,B9,631,462,0.15847860538827258
48_03_53,D12,A3,E5,426,349,0
48_03_88,D12,A3,H4,368,309,0.5434782608695652
48_04_66,D12,A4,F6,1693,1085,1.004134672179563
48_04_88,D12,A4,H4,816,584,0.7352941176470588
48_05_15,D12,A5,B3,2298,1437,0.30461270670147955
48_05_26,D12,A5,C2,605,439,0.49586776859504134
48_05_34,D12,A5,C10,1061,768,0.1885014137606032
48_05_53,D12,A5,E5,1121,724,0.35682426404995543
48_05_64,D12,A5,F4,1061,687,0.2827521206409048
48_06_14,D12,A6,B2,1412,898,0.49575070821529743
48_06_24,D12,A6,B12,1075,720,1.2093023255813953
48_06_38,D12,A6,D2,1289,826,0.3103180760279286
48_06_51,D12,A6,E3,847,613,0.5903187721369539
48_06_77,D12,A6,G5,634,460,0
48_07_11,D12,A7,A11,384,314,0.78125
48_07_16,D12,A7,B4,651,492,0.30721966205837176
48_07_42,D12,A7,D6,880,639,1.0227272727272727
48_07_52,D12,A7,E4,658,488,0.7598784194528876
48_07_56,D12,A7,E8,1153,778,0
48_07_84,D12,A7,G12,796,581,0.12562814070351758
48_08_10,D12,A8,A10,827,600,0.36275695284159615
48_08_22,D12,A8,B10,752,563,1.196808510638298
48_08_27,D12,A8,C3,517,382,0.3868471953578337
48_08_28,D12,A8,C4,711,536,0
48_08_29,D12,A8,C5,453,374,0.44150110375275936
48_08_47,D12,A8,D11,1137,771,0.43975373790677225
48_08_48,D12,A8,D12,1854,1118,0.16181229773462785
48_08_62,D12,A8,F2,800,581,0.375
48_08_74,D12,A8,G2,883,596,0.4530011325028313
48_09_01,D12,A9,A1,450,359,0.8888888888888888
48_09_23,D12,A9,B11,508,385,0.39370078740157477
48_09_34,D12,A9,C10,1047,747,0.5730659025787965
48_09_62,D12,A9,F2,493,404,0.8113590263691683
48_10_48,D12,A10,D12,492,382,0.20325203252032523
48_10_63,D12,A10,F3,748,546,0.267379679144385
48_10_73,D12,A10,G1,381,307,0
48_11_22,D12,A11,B10,634,509,0.47318611987381703
48_11_30,D12,A11,C6,381,318,0.26246719160104987
48_11_35,D12,A11,C11,401,310,1.7456359102244388
48_11_39,D12,A11,D3,789,524,0.5069708491761723
48_11_80,D12,A11,G8,736,509,0
48_12_11,D12,A12,A11,978,734,0.2044989775051125
48_12_40,D12,A12,D4,585,447,0.3418803418803419
48_12_55,D12,A12,E7,969,657,0.20639834881320948
48_12_56,D12,A12,E8,2033,1335,0.24594195769798327
48_12_77,D12,A12,G5,456,373,0
48_12_88,D12,A12,H4,741,525,0.2699055330634278
48_12_94,D12,A12,H10,875,593,0.1142857142857143
48_13_04,D12,B1,A4,1079,697,0.09267840593141798
48_13_05,D12,B1,A5,1167,733,0.8568980291345331
48_13_17,D12,B1,B5,802,556,0.7481296758104738
48_13_26,D12,B1,C2,1707,1152,0.05858230814294083
48_13_38,D12,B1,D2,911,600,0.21953896816684962
48_13_68,D12,B1,F8,1611,940,0.186219739292365
48_14_14,D12,B2,B2,485,387,1.2371134020618557
48_14_40,D12,B2,D4,640,491,0.3125
48_14_68,D12,B2,F8,1045,694,0.28708133971291866
48_14_79,D12,B2,G7,1205,793,0.24896265560165973
48_15_19,D12,B3,B7,3481,1782,0.057454754380925024
48_15_36,D12,B3,C12,1943,1100,0.46320123520329387
48_15_45,D12,B3,D9,738,542,0.27100271002710025
48_15_50,D12,B3,E2,536,395,0.5597014925373134
48_15_51,D12,B3,E3,621,440,0.322061191626409
48_15_60,D12,B3,E12,540,426,0.7407407407407408
48_15_78,D12,B3,G6,2581,1450,0.38744672607516467
48_15_79,D12,B3,G7,517,439,0.9671179883945842
48_15_93,D12,B3,H9,392,307,0.5102040816326531
48_15_94,D12,B3,H10,2190,1354,0.365296803652968
48_16_14,D12,B4,B2,551,426,0.5444646098003629
48_16_17,D12,B4,B5,721,551,0.8321775312066574
48_16_56,D12,B4,E8,535,390,0.7476635514018692
48_16_59,D12,B4,E11,1341,817,0.6711409395973155
48_16_63,D12,B4,F3,479,375,0.41753653444676403
48_16_66,D12,B4,F6,470,348,0.425531914893617
48_16_72,D12,B4,F12,1127,738,0.354924578527063
48_17_15,D12,B5,B3,537,397,0.931098696461825
48_17_37,D12,B5,D1,858,588,0.2331002331002331
48_17_42,D12,B5,D6,1077,702,0
48_18_18,D12,B6,B6,2010,1144,0.3482587064676617
48_18_48,D12,B6,D12,978,682,0.3067484662576687
48_18_49,D12,B6,E1,603,447,2.155887230514096
48_18_63,D12,B6,F3,1244,822,0.1607717041800643
48_18_68,D12,B6,F8,1670,934,0.23952095808383234
48_18_77,D12,B6,G5,1862,1064,0.21482277121374865
48_18_78,D12,B6,G6,1013,734,1.2833168805528135
48_18_82,D12,B6,G10,723,508,0.4149377593360996
48_18_84,D12,B6,G12,648,502,2.006172839506173
48_19_08,D12,B7,A8,709,549,0.5641748942172073
48_19_22,D12,B7,B10,496,391,0.20161290322580644
48_19_30,D12,B7,C6,861,612,0.23228803716608595
48_19_80,D12,B7,G8,885,628,0.3389830508474576
48_19_81,D12,B7,G9,673,492,0.2971768202080238
48_20_48,D12,B8,D12,455,371,0.21978021978021978
48_20_60,D12,B8,E12,736,527,0.4076086956521739
48_20_68,D12,B8,F8,424,341,0.7075471698113208
48_20_78,D12,B8,G6,1584,1010,0.8838383838383838
48_21_09,D12,B9,A9,1133,782,0.176522506619594
48_21_15,D12,B9,B3,672,524,0.8928571428571428
48_21_29,D12,B9,C5,510,411,0
48_21_37,D12,B9,D1,1490,930,0.20134228187919465
48_21_42,D12,B9,D6,899,650,0.778642936596218
48_21_59,D12,B9,E11,610,449,0.32786885245901637
48_21_63,D12,B9,F3,1142,769,0.7005253940455342
48_21_69,D12,B9,F9,720,533,0.4166666666666667
48_21_92,D12,B9,H8,481,387,2.9106029106029108
48_22_06,D12,B10,A6,574,434,0.17421602787456447
48_22_16,D12,B10,B4,674,494,0.2967359050445104
48_22_63,D12,B10,F3,566,453,0.17667844522968199
48_22_92,D12,B10,H8,822,574,0.12165450121654502
48_23_37,D12,B11,D1,560,442,0.5357142857142857
48_23_40,D12,B11,D4,918,649,0.6535947712418301
48_23_49,D12,B11,E1,1836,1116,0.5991285403050108
48_23_50,D12,B11,E2,814,567,0
48_23_84,D12,B11,G12,1440,929,0.4861111111111111
48_23_91,D12,B11,H7,1101,753,0.2724795640326975
48_24_19,D12,B12,B7,1837,1083,0.2721829069134458
48_24_21,D12,B12,B9,1097,757,0.09115770282588878
48_24_37,D12,B12,D1,604,444,0.8278145695364238
48_24_53,D12,B12,E5,3679,1908,0.1359064963305246
48_24_65,D12,B12,F5,399,311,0.2506265664160401
48_25_04,D12,C1,A4,634,484,0.31545741324921134
48_25_43,D12,C1,D7,762,538,0.26246719160104987
48_25_75,D12,C1,G3,481,383,0
48_25_77,D12,C1,G5,547,425,0
48_25_86,D12,C1,H2,446,363,0.672645739910314
48_25_91,D12,C1,H7,514,395,0
48_26_06,D12,C2,A6,437,347,0.2288329519450801
48_26_10,D12,C2,A10,1414,928,0.3536067892503536
48_26_11,D12,C2,A11,569,450,0.8787346221441126
48_26_14,D12,C2,B2,1156,751,0.08650519031141869
48_26_40,D12,C2,D4,512,415,0.1953125
48_26_43,D12,C2,D7,929,629,0.2152852529601722
48_26_68,D12,C2,F8,944,654,0.9533898305084746
48_27_02,D12,C3,A2,506,389,0.592885375494071
48_27_07,D12,C3,A7,669,508,0
48_27_29,D12,C3,C5,1108,749,0.45126353790613716
48_27_30,D12,C3,C6,1505,912,0.53156146179402
48_27_31,D12,C3,C7,1703,1053,0.4110393423370522
48_27_36,D12,C3,C12,711,515,0.42194092827004215
48_27_64,D12,C3,F4,2599,1441,0.11542901115813775
48_27_65,D12,C3,F5,1363,872,0.1467351430667645
48_27_67,D12,C3,F7,502,388,0.199203187250996
48_27_68,D12,C3,F8,1514,972,0.33025099075297226
48_27_72,D12,C3,F12,463,388,0.6479481641468683
48_27_92,D12,C3,H8,1539,951,0.2599090318388564
48_27_95,D12,C3,H11,2254,1306,0.3105590062111801
48_28_04,D12,C4,A4,1022,670,0.29354207436399216
48_28_41,D12,C4,D5,454,371,0.22026431718061676
48_28_48,D12,C4,D12,655,461,0.15267175572519084
48_28_50,D12,C4,E2,799,578,0.37546933667083854
48_28_51,D12,C4,E3,2880,1467,0.3125
48_28_59,D12,C4,E11,896,633,0.11160714285714285
48_28_64,D12,C4,F4,401,317,0.24937655860349126
48_29_18,D12,C5,B6,1409,954,0.14194464158977999
48_29_58,D12,C5,E10,965,657,0.5181347150259068
48_29_64,D12,C5,F4,1081,726,0.8325624421831638
48_29_69,D12,C5,F9,1087,706,0.6439742410303588
48_29_76,D12,C5,G4,808,593,0.49504950495049505
48_30_35,D12,C6,C11,2230,1361,0.3139013452914798
48_30_95,D12,C6,H11,469,370,0.21321961620469082
48_31_23,D12,C7,B11,1929,1236,0.2592016588906169
48_31_31,D12,C7,C7,784,573,0.6377551020408163
48_31_41,D12,C7,D5,635,482,0.47244094488188976
48_31_48,D12,C7,D12,2677,1382,0.1867762420620097
48_31_54,D12,C7,E6,1589,988,0.5034612964128383
48_32_01,D12,C8,A1,785,560,0.12738853503184713
48_32_36,D12,C8,C12,1073,754,0.27958993476234856
48_32_82,D12,C8,G10,518,415,0.7722007722007722
48_32_96,D12,C8,H12,674,518,0.741839762611276
48_33_22,D12,C9,B10,1331,829,0.30052592036063114
48_33_31,D12,C9,C7,2945,1637,0.10186757215619693
48_33_52,D12,C9,E4,1631,949,0.1226241569589209
48_33_54,D12,C9,E6,494,381,0.4048582995951417
48_33_64,D12,C9,F4,820,586,0.7317073170731708
48_33_65,D12,C9,F5,1724,1062,0.23201856148491878
48_33_76,D12,C9,G4,1298,857,0.46224961479198773
48_33_93,D12,C9,H9,1054,733,0.47438330170777987
48_34_16,D12,C10,B4,1053,692,0.0949667616334283
48_34_47,D12,C10,D11,1124,765,0.1779359430604982
48_34_49,D12,C10,E1,2234,1214,0.044762757385854966
48_34_61,D12,C10,F1,755,540,0.13245033112582782
48_34_84,D12,C10,G12,1157,719,0.864304235090752
48_34_96,D12,C10,H12,591,429,0.338409475465313
48_35_05,D12,C11,A5,3079,1689,0.7145177005521274
48_35_14,D12,C11,B2,2644,1539,0.037821482602118005
48_35_34,D12,C11,C10,797,599,1.0037641154328731
48_35_35,D12,C11,C11,454,364,0.4405286343612335
48_35_36,D12,C11,C12,653,504,0
48_35_44,D12,C11,D8,1987,1095,0.20130850528434827
48_35_50,D12,C11,E2,492,374,0.8130081300813009
48_35_62,D12,C11,F2,1060,727,0.2830188679245283
48_35_72,D12,C11,F12,1246,798,0.32102728731942215
48_35_79,D12,C11,G7,2036,1131,0.2455795677799607
48_35_87,D12,C11,H3,1743,1043,0.11474469305794606
48_35_93,D12,C11,H9,462,379,0.6493506493506493
48_35_94,D12,C11,H10,1628,939,0.18427518427518427
48_36_37,D12,C12,D1,5640,2539,0.2127659574468085
48_36_43,D12,C12,D7,397,332,2.518891687657431
48_36_61,D12,C12,F1,732,548,0.6830601092896175
48_36_93,D12,C12,H9,1173,714,0.17050298380221654
48_37_30,D12,D1,C6,1355,866,0.22140221402214022
48_37_82,D12,D1,G10,712,517,0
48_38_06,D12,D2,A6,350,300,1.1428571428571428
48_38_08,D12,D2,A8,378,310,0.7936507936507936
48_38_26,D12,D2,C2,788,570,0.25380710659898476
48_38_93,D12,D2,H9,705,499,0
48_39_41,D12,D3,D5,728,550,0.5494505494505495
48_39_54,D12,D3,E6,662,522,0.6042296072507553
48_39_63,D12,D3,F3,912,678,0.3289473684210526
48_39_64,D12,D3,F4,1030,752,0.1941747572815534
48_39_69,D12,D3,F9,722,502,0.554016620498615
48_39_76,D12,D3,G4,1270,822,0.47244094488188976
48_39_90,D12,D3,H6,924,668,0.3246753246753247
48_40_03,D12,D4,A3,807,570,1.982651796778191
48_40_09,D12,D4,A9,1731,1063,0.462160600808781
48_40_15,D12,D4,B3,1346,908,0.07429420505200594
48_40_19,D12,D4,B7,928,621,0.646551724137931
48_40_23,D12,D4,B11,930,614,0.43010752688172044
48_40_24,D12,D4,B12,4514,2063,0.11076650420912715
48_40_33,D12,D4,C9,2483,1297,0.20136931131695532
48_40_47,D12,D4,D11,1288,800,0.15527950310559005
48_40_58,D12,D4,E10,588,411,0.17006802721088435
48_40_77,D12,D4,G5,1093,728,0
48_40_83,D12,D4,G11,1352,987,0.7396449704142012
48_40_93,D12,D4,H9,955,670,0.6282722513089005
48_41_32,D12,D5,C8,692,501,0.8670520231213872
48_41_35,D12,D5,C11,454,350,0.22026431718061676
48_41_39,D12,D5,D3,587,459,0.34071550255536626
48_41_59,D12,D5,E11,1382,925,0.5788712011577424
48_41_72,D12,D5,F12,661,490,0.15128593040847202
48_42_05,D12,D6,A5,1420,825,0.14084507042253522
48_42_22,D12,D6,B10,898,660,0.22271714922048996
48_42_48,D12,D6,D12,579,447,0
48_42_52,D12,D6,E4,1617,1066,0.3710575139146568
48_42_92,D12,D6,H8,768,530,0.13020833333333331
48_42_94,D12,D6,H10,1116,804,0.4480286738351254
48_43_09,D12,D7,A9,460,366,0.21739130434782608
48_43_18,D12,D7,B6,503,380,0.19880715705765406
48_43_55,D12,D7,E7,1051,711,0.47573739295908657
48_43_67,D12,D7,F7,634,470,0.15772870662460567
48_43_73,D12,D7,G1,890,648,0.33707865168539325
48_43_83,D12,D7,G11,899,675,0.33370411568409347
48_43_84,D12,D7,G12,722,561,0.9695290858725761
48_44_10,D12,D8,A10,608,487,0.1644736842105263
48_44_35,D12,D8,C11,644,504,0.15527950310559005
48_44_36,D12,D8,C12,1814,1107,0.6063947078280044
48_44_45,D12,D8,D9,684,533,0.43859649122807015
48_44_67,D12,D8,F7,486,368,1.2345679012345678
48_44_68,D12,D8,F8,722,529,0.41551246537396125
48_44_76,D12,D8,G4,1058,727,0.28355387523629494
48_45_07,D12,D9,A7,569,463,0
48_45_22,D12,D9,B10,1281,861,0.39032006245121
48_45_34,D12,D9,C10,1851,1075,0.05402485143165856
48_45_68,D12,D9,F8,343,302,0.5830903790087464
48_45_71,D12,D9,F11,423,352,0.2364066193853428
48_45_72,D12,D9,F12,1465,1006,0.5460750853242321
48_45_78,D12,D9,G6,1097,690,0.5469462169553327
48_45_90,D12,D9,H6,437,365,0
48_46_05,D12,D10,A5,2030,1196,0.2955665024630542
48_46_42,D12,D10,D6,987,680,0.303951367781155
48_46_56,D12,D10,E8,1267,787,0.3946329913180742
48_46_60,D12,D10,E12,988,684,0.10121457489878542
48_46_67,D12,D10,F7,702,539,0.2849002849002849
48_46_96,D12,D10,H12,2226,1283,0.22461814914645103
48_47_15,D12,D11,B3,577,437,0.17331022530329288
48_47_33,D12,D11,C9,582,449,0.859106529209622
48_47_56,D12,D11,E8,545,406,0
48_47_58,D12,D11,E10,1184,805,0.33783783783783783
48_47_75,D12,D11,G3,1192,766,0.25167785234899326
48_47_84,D12,D11,G12,768,567,0
48_48_62,D12,D12,F2,568,419,1.056338028169014
48_48_64,D12,D12,F4,1500,924,0.2
48_48_72,D12,D12,F12,1391,881,0.07189072609633358
48_48_74,D12,D12,G2,2985,1584,0.23450586264656617
48_48_75,D12,D12,G3,638,476,0.3134796238244514
48_48_76,D12,D12,G4,764,547,0.2617801047120419
48_48_93,D12,D12,H9,1057,747,0.28382213812677387
48_49_28,D12,E1,C4,365,305,0.547945205479452
48_49_32,D12,E1,C8,623,447,0
48_49_58,D12,E1,E10,570,437,0.17543859649122806
48_49_61,D12,E1,F1,526,414,0.19011406844106463
48_49_73,D12,E1,G1,425,317,0.2352941176470588
48_49_92,D12,E1,H8,608,459,0.6578947368421052
48_49_95,D12,E1,H11,838,651,0.11933174224343676
48_50_01,D12,E2,A1,647,475,0.46367851622874806
48_50_21,D12,E2,B9,1535,894,0.32573289902280134
48_50_36,D12,E2,C12,566,422,0.17667844522968199
48_50_50,D12,E2,E2,704,503,0
48_50_89,D12,E2,H5,1131,750,1.237842617152962
48_50_91,D12,E2,H7,523,404,1.338432122370937
48_50_96,D12,E2,H12,499,409,0.2004008016032064
48_51_27,D12,E3,C3,673,504,0.5943536404160475
48_51_29,D12,E3,C5,656,490,0.45731707317073167
48_51_30,D12,E3,C6,492,388,1.4227642276422763
48_51_47,D12,E3,D11,501,398,0
48_51_62,D12,E3,F2,381,309,4.199475065616798
48_52_27,D12,E4,C3,1950,1040,0.20512820512820512
48_52_32,D12,E4,C8,600,495,0
48_52_44,D12,E4,D8,1090,733,0
48_52_47,D12,E4,D11,1246,826,0.16051364365971107
48_52_55,D12,E4,E7,722,529,0.41551246537396125
48_52_59,D12,E4,E11,764,562,0.2617801047120419
48_52_69,D12,E4,F9,799,552,1.1264080100125156
48_53_23,D12,E5,B11,1110,773,0.09009009009009009
48_53_31,D12,E5,C7,477,379,0.41928721174004197
48_53_61,D12,E5,F1,424,344,0
48_53_70,D12,E5,F10,880,617,0.45454545454545453
48_53_72,D12,E5,F12,932,636,1.2875536480686696
48_53_90,D12,E5,H6,427,327,1.1709601873536302
48_53_91,D12,E5,H7,909,674,0.22002200220022
48_54_14,D12,E6,B2,618,464,0
48_54_31,D12,E6,C7,533,404,0.9380863039399625
48_54_40,D12,E6,D4,1102,714,0.09074410163339383
48_54_41,D12,E6,D5,824,591,0.6067961165048543
48_54_80,D12,E6,G8,404,352,0.7425742574257426
48_54_88,D12,E6,H4,909,601,0.33003300330033003
48_54_90,D12,E6,H6,435,348,0
48_54_93,D12,E6,H9,546,418,0.3663003663003663
48_54_96,D12,E6,H12,1116,733,0.08960573476702509
48_55_65,D12,E7,F5,733,526,0
48_55_72,D12,E7,F12,408,342,0.7352941176470588
48_55_76,D12,E7,G4,450,350,0
48_56_05,D12,E8,A5,686,469,0.2915451895043732
48_56_13,D12,E8,B1,682,505,0.43988269794721413
48_56_32,D12,E8,C8,530,430,0
48_56_38,D12,E8,D2,738,522,0.13550135501355012
48_56_39,D12,E8,D3,571,450,0.17513134851138354
48_56_49,D12,E8,E1,435,325,0.45977011494252873
48_56_65,D12,E8,F5,759,570,0.3952569169960474
48_56_90,D12,E8,H6,893,604,0.5599104143337066
48_57_12,D12,E9,A12,526,422,0.19011406844106463
48_57_18,D12,E9,B6,723,537,1.6597510373443984
48_57_20,D12,E9,B8,752,522,0.13297872340425532
48_57_31,D12,E9,C7,666,463,0
48_57_38,D12,E9,D2,769,574,0.3901170351105332
48_57_50,D12,E9,E2,563,432,0.3552397868561279
48_57_61,D12,E9,F1,924,681,0.4329004329004329
48_57_65,D12,E9,F5,1356,902,0.3687315634218289
48_57_66,D12,E9,F6,2124,1208,0.09416195856873823
48_57_81,D12,E9,G9,788,546,0.12690355329949238
48_57_88,D12,E9,H4,886,628,0.1128668171557562
48_58_09,D12,E10,A9,784,563,0.12755102040816327
48_58_32,D12,E10,C8,588,464,0.3401360544217687
48_58_47,D12,E10,D11,650,490,0.7692307692307693
48_58_52,D12,E10,E4,1298,876,0.3852080123266564
48_58_61,D12,E10,F1,1219,800,0.2461033634126333
48_58_65,D12,E10,F5,525,426,0.5714285714285714
48_58_73,D12,E10,G1,1674,976,0.11947431302270012
48_59_06,D12,E11,A6,791,583,0.12642225031605564
48_59_55,D12,E11,E7,1100,761,0.45454545454545453
48_59_72,D12,E11,F12,895,645,0.33519553072625696
48_60_13,D12,E12,B1,1141,754,0.35056967572305
48_60_20,D12,E12,B8,682,559,0.2932551319648094
48_60_35,D12,E12,C11,607,481,0.3294892915980231
48_60_59,D12,E12,E11,459,345,1.0893246187363834
48_60_65,D12,E12,F5,1748,1101,0.2860411899313501
48_60_74,D12,E12,G2,924,644,0.4329004329004329
48_60_95,D12,E12,H11,1303,921,0.07674597083653108
48_60_96,D12,E12,H12,772,556,0.38860103626943004
48_61_01,D12,F1,A1,1053,738,0.3798670465337132
48_61_26,D12,F1,C2,1526,970,0.0655307994757536
48_61_28,D12,F1,C4,727,537,0.2751031636863824
48_61_45,D12,F1,D9,501,383,0.39920159680638717
48_61_60,D12,F1,E12,931,615,0.5370569280343717
48_61_68,D12,F1,F8,869,591,0
48_61_86,D12,F1,H2,380,305,1.3157894736842104
48_62_07,D12,F2,A7,1099,706,0
48_62_32,D12,F2,C8,389,321,1.2853470437017995
48_62_65,D12,F2,F5,611,470,0
48_62_84,D12,F2,G12,597,460,0.5025125628140703
48_63_03,D12,F3,A3,2223,1240,0.22492127755285649
48_63_26,D12,F3,C2,1340,823,0.1492537313432836
48_63_43,D12,F3,D7,1830,1109,0.16393442622950818
48_63_64,D12,F3,F4,2074,1219,0.3857280617164899
48_63_93,D12,F3,H9,1138,739,0.17574692442882248
48_64_01,D12,F4,A1,756,544,0.26455026455026454
48_64_15,D12,F4,B3,431,322,2.320185614849188
48_64_17,D12,F4,B5,1160,774,0.6896551724137931
48_64_51,D12,F4,E3,905,669,0.11049723756906078
48_64_56,D12,F4,E8,2772,1435,0.937950937950938
48_64_71,D12,F4,F11,817,587,0
48_64_77,D12,F4,G5,931,647,0.4296455424274973
48_64_78,D12,F4,G6,1157,765,0.25929127052722556
48_64_80,D12,F4,G8,1231,864,0.4061738424045491
48_64_84,D12,F4,G12,381,315,0.5249343832020997
48_64_90,D12,F4,H6,950,638,0.3157894736842105
48_65_15,D12,F5,B3,885,642,0.4519774011299435
48_65_25,D12,F5,C1,1139,716,0
48_65_30,D12,F5,C6,502,407,0.5976095617529881
48_65_41,D12,F5,D5,1160,766,0.6896551724137931
48_65_45,D12,F5,D9,1033,717,0.0968054211035818
48_65_60,D12,F5,E12,1783,1140,0.2243409983174425
48_65_91,D12,F5,H7,408,302,2.941176470588235
48_65_96,D12,F5,H12,1699,1000,0.11771630370806356
48_66_26,D12,F6,C2,632,479,0.31645569620253167
48_66_38,D12,F6,D2,1357,845,0.07369196757553427
48_66_41,D12,F6,D5,1239,758,0.48426150121065376
48_66_43,D12,F6,D7,897,635,0.4459308807134894
48_66_47,D12,F6,D11,389,304,0
48_66_48,D12,F6,D12,407,336,0.4914004914004914
48_67_28,D12,F7,C4,517,402,0.5802707930367506
48_67_31,D12,F7,C7,1121,736,0.08920606601248886
48_67_47,D12,F7,D11,895,613,0.11173184357541899
48_67_59,D12,F7,E11,755,538,0
48_67_76,D12,F7,G4,1223,804,0.49059689288634506
48_67_83,D12,F7,G11,1579,987,0.253324889170361
48_67_84,D12,F7,G12,1090,730,0.5504587155963303
48_68_05,D12,F8,A5,657,489,0.91324200913242
48_68_43,D12,F8,D7,493,372,0
48_68_87,D12,F8,H3,570,432,0.3508771929824561
48_69_07,D12,F9,A7,1430,957,0.2097902097902098
48_69_27,D12,F9,C3,703,486,0
48_69_33,D12,F9,C9,1297,871,1.310717039321511
48_69_50,D12,F9,E2,1312,888,0.6859756097560976
48_69_53,D12,F9,E5,2111,1168,0.23685457129322599
48_69_56,D12,F9,E8,951,687,0.4206098843322818
48_69_60,D12,F9,E12,622,458,0.1607717041800643
48_70_31,D12,F10,C7,513,409,0.3898635477582846
48_70_53,D12,F10,E5,713,521,0.7012622720897616
48_70_56,D12,F10,E8,855,610,0.23391812865497078
48_70_84,D12,F10,G12,639,464,1.2519561815336464
48_71_71,D12,F11,F11,2361,1360,0.08470986869970351
48_72_04,D12,F12,A4,398,320,0
48_72_23,D12,F12,B11,974,701,1.0266940451745379
48_72_44,D12,F12,D8,1625,966,0.49230769230769234
48_72_61,D12,F12,F1,875,626,0.34285714285714286
48_72_72,D12,F12,F12,796,578,0.25125628140703515
48_72_74,D12,F12,G2,392,347,0.5102040816326531
48_72_82,D12,F12,G10,686,493,0.5830903790087464
48_73_21,D12,G1,B9,588,445,0.6802721088435374
48_73_28,D12,G1,C4,1260,847,0.3968253968253968
48_73_71,D12,G1,F11,727,522,0.2751031636863824
48_74_58,D12,G2,E10,591,457,0
48_74_59,D12,G2,E11,739,566,0.5412719891745602
48_74_70,D12,G2,F10,938,606,0.9594882729211088
48_74_80,D12,G2,G8,515,362,0.3883495145631068
48_75_03,D12,G3,A3,703,495,0.2844950213371266
48_75_63,D12,G3,F3,361,304,0.2770083102493075
48_75_68,D12,G3,F8,885,598,0.22598870056497175
48_75_92,D12,G3,H8,800,578,0.625
48_76_07,D12,G4,A7,1310,943,0.3053435114503817
48_76_49,D12,G4,E1,473,378,0.6342494714587738
48_76_65,D12,G4,F5,1721,1110,0.11621150493898895
48_76_66,D12,G4,F6,791,576,0.37926675094816686
48_77_22,D12,G5,B10,1987,1202,0.3019627579265224
48_77_30,D12,G5,C6,442,341,0.6787330316742082
48_77_45,D12,G5,D9,347,298,0.8645533141210375
48_77_67,D12,G5,F7,542,450,0
48_77_88,D12,G5,H4,427,343,0.234192037470726
48_78_21,D12,G6,B9,850,590,0.1176470588235294
48_78_32,D12,G6,C8,856,620,0.11682242990654204
48_78_47,D12,G6,D11,469,397,0
48_78_62,D12,G6,F2,380,332,0.2631578947368421
48_78_64,D12,G6,F4,2738,1519,0.2921840759678598
48_78_75,D12,G6,G3,376,330,0.26595744680851063
48_78_89,D12,G6,H5,616,466,0.487012987012987
48_79_07,D12,G7,A7,440,362,0
48_79_22,D12,G7,B10,836,591,2.0334928229665072
48_79_40,D12,G7,D4,427,315,1.873536299765808
48_79_46,D12,G7,D10,718,555,0.4178272980501393
48_79_59,D12,G7,E11,815,593,0.245398773006135
48_79_60,D12,G7,E12,626,465,0.1597444089456869
48_79_64,D12,G7,F4,439,352,0.45558086560364464
48_79_84,D12,G7,G12,942,653,0.21231422505307856
48_79_85,D12,G7,H1,1376,861,0.5087209302325582
48_79_89,D12,G7,H5,370,299,0
48_80_06,D12,G8,A6,749,536,0.13351134846461948
48_80_33,D12,G8,C9,1390,892,1.079136690647482
48_80_42,D12,G8,D6,666,543,0.15015015015015015
48_80_60,D12,G8,E12,764,554,0
48_80_78,D12,G8,G6,654,489,0.45871559633027525
48_81_13,D12,G9,B1,1607,974,0.06222775357809583
48_81_21,D12,G9,B9,735,509,0.5442176870748299
48_82_03,D12,G10,A3,582,447,0.1718213058419244
48_82_16,D12,G10,B4,437,351,0.4576659038901602
48_82_36,D12,G10,C12,792,535,0.3787878787878788
48_82_37,D12,G10,D1,540,420,0.3703703703703704
48_82_56,D12,G10,E8,674,491,0.5934718100890208
48_82_62,D12,G10,F2,489,377,0.6134969325153374
48_82_71,D12,G10,F11,374,312,0.8021390374331552
48_82_78,D12,G10,G6,1069,699,0
48_83_29,D12,G11,C5,581,433,0
48_83_65,D12,G11,F5,416,358,0.9615384615384616
48_83_95,D12,G11,H11,660,501,0.30303030303030304
48_84_30,D12,G12,C6,1640,964,0.9146341463414633
48_84_34,D12,G12,C10,897,661,0.33444816053511706
48_84_42,D12,G12,D6,1617,1006,0
48_84_44,D12,G12,D8,1625,963,0.1846153846153846
48_84_53,D12,G12,E5,366,313,1.912568306010929
48_84_56,D12,G12,E8,806,577,0.49627791563275436
48_84_72,D12,G12,F12,2375,1416,0.25263157894736843
48_84_91,D12,G12,H7,761,537,0.2628120893561104
48_84_92,D12,G12,H8,717,540,0.1394700139470014
48_84_93,D12,G12,H9,4327,2243,0.30043910330483015
48_85_16,D12,H1,B4,608,479,0.1644736842105263
48_85_20,D12,H1,B8,633,453,0.47393364928909953
48_85_62,D12,H1,F2,728,551,0.27472527472527475
48_85_91,D12,H1,H7,770,552,0.2597402597402597
48_86_36,D12,H2,C12,359,299,0.5571030640668524
48_87_04,D12,H3,A4,5322,2276,0.11273957158962795
48_87_18,D12,H3,B6,1780,1039,0.6179775280898876
48_87_19,D12,H3,B7,1575,987,0.06349206349206349
48_87_39,D12,H3,D3,454,360,0
48_87_46,D12,H3,D10,887,644,0.11273957158962795
48_87_75,D12,H3,G3,1589,952,0.5663939584644431
48_87_90,D12,H3,H6,1824,1031,0.10964912280701754
48_87_91,D12,H3,H7,448,384,1.1160714285714286
48_88_06,D12,H4,A6,739,541,0
48_88_08,D12,H4,A8,411,317,1.2165450121654502
48_88_16,D12,H4,B4,866,593,1.0392609699769053
48_88_18,D12,H4,B6,850,621,0.2352941176470588
48_88_27,D12,H4,C3,897,656,0.5574136008918618
48_88_44,D12,H4,D8,2161,1307,0.3239241092086997
48_88_71,D12,H4,F11,824,591,0.7281553398058253
48_88_81,D12,H4,G9,1564,941,0.2557544757033248
48_88_82,D12,H4,G10,774,554,0.2583979328165375
48_88_86,D12,H4,H2,721,544,0.27739251040221913
48_88_91,D12,H4,H7,821,577,0.12180267965895249
48_89_07,D12,H5,A7,493,382,0.2028397565922921
48_89_24,D12,H5,B12,445,359,0
48_89_32,D12,H5,C8,743,525,0.2691790040376851
48_89_40,D12,H5,D4,428,339,0
48_89_77,D12,H5,G5,695,527,0
48_89_89,D12,H5,H5,740,552,0.2702702702702703
48_90_46,D12,H6,D10,668,480,0.29940119760479045
48_90_69,D12,H6,F9,404,312,1.2376237623762376
48_90_91,D12,H6,H7,1000,655,0.4
48_90_96,D12,H6,H12,473,403,0.42283298097251587
48_91_23,D12,H7,B11,778,602,0.6426735218508998
48_91_24,D12,H7,B12,2033,1136,0.0983767830791933
48_91_28,D12,H7,C4,366,299,0.546448087431694
48_91_31,D12,H7,C7,660,496,0.7575757575757576
48_91_50,D12,H7,E2,716,517,0.6983240223463687
48_91_83,D12,H7,G11,1282,903,0.46801872074883
48_91_84,D12,H7,G12,631,493,0
48_91_86,D12,H7,H2,799,543,0.5006257822277848
48_91_90,D12,H7,H6,674,494,0
48_91_92,D12,H7,H8,433,352,0.6928406466512702
48_91_94,D12,H7,H10,622,493,1.1254019292604502
48_92_06,D12,H8,A6,521,401,0.3838771593090211
48_92_13,D12,H8,B1,1898,1116,0.31612223393045313
48_92_17,D12,H8,B5,533,414,0.18761726078799248
48_92_38,D12,H8,D2,482,381,2.2821576763485476
48_92_43,D12,H8,D7,632,465,0.15822784810126583
48_92_62,D12,H8,F2,665,547,0.4511278195488722
48_93_26,D12,H9,C2,559,419,1.4311270125223614
48_93_35,D12,H9,C11,841,578,0
48_93_49,D12,H9,E1,718,540,0
48_93_61,D12,H9,F1,833,513,0.24009603841536614
48_93_82,D12,H9,G10,468,377,1.0683760683760684
48_93_93,D12,H9,H9,816,614,0.49019607843137253
48_94_08,D12,H10,A8,397,313,0.5037783375314862
48_94_09,D12,H10,A9,982,696,0.10183299389002036
48_94_13,D12,H10,B1,490,387,0.6122448979591837
48_94_47,D12,H10,D11,3077,1587,0.12999675008124797
48_94_87,D12,H10,H3,945,645,1.6931216931216932
48_94_88,D12,H10,H4,458,368,0.21834061135371177
48_94_94,D12,H10,H10,526,411,0.9505703422053232
48_95_32,D12,H11,C8,669,488,0.8968609865470852
48_95_34,D12,H11,C10,569,452,0.7029876977152899
48_95_38,D12,H11,D2,602,473,0.16611295681063123
48_95_56,D12,H11,E8,539,447,0.5565862708719851
48_95_66,D12,H11,F6,1911,1197,0.20931449502878074
48_95_68,D12,H11,F8,671,483,0.14903129657228018
48_95_73,D12,H11,G1,406,328,0.49261083743842365
48_95_89,D12,H11,H5,533,423,0.7504690431519699
48_95_93,D12,H11,H9,729,511,0.1371742112482853
48_96_42,D12,H12,D6,625,461,0.16
48_96_46,D12,H12,D10,647,492,0
48_96_79,D12,H12,G7,1103,721,0
48_96_90,D12,H12,H6,444,350,0.6756756756756757
